id,fen,moves,rating,themes
03BKg,1rbq1k1r/p1p3pp/2nbPpn1/3N4/3P4/2P2Q2/PP3PPP/R1B1R1K1 b - - 2 18,c6e7 f3f6 g7f6 c1h6 f8g8 d5f6,2565,intermezzo long mate matein3 opening sacrifice
0B4Hl,r3k1nr/p4p1p/b1n5/3pP3/1ppP2pN/2P1q1P1/PPK1B1P1/RN1Q1R2 w kq - 2 18,h4f5 b4b3 a2b3 c6b4 c3b4 c4b3,2538,intermezzo long mate matein3 middlegame sacrifice
0V4h2,8/pp6/7Q/kNbr1b2/P7/2K1P1P1/1P3r1P/R3R3 w - - 6 32,h6h8 c5b4 c3c4 d5c5 c4b3 f5e6,2522,exposedking long mate matein3 middlegame
0jK7N,r3r3/b1N2ppp/p4n2/1p2p3/k7/6P1/PP1B3P/2R4K b - - 3 27,a8c8 c1c3 b5b4 c3a3 b4a3 b2b3,2580,long mate matein3 middlegame quietmove sacrifice
0qX59,5rk1/ppp3pp/2nb4/4p2r/4N1q1/2P2bP1/PPQ2P1P/R1B1RBK1 w - - 8 17,e4d2 g4g3 f2g3 d6c5 e1e3 c5e3,2518,kingsideattack long mate matein3 middlegame sacrifice
0toch,8/5p1k/p2B1nnp/5Qp1/7R/1B4KP/1PP2PP1/4r1q1 w - - 4 30,b3f7 e1e3 f2e3 g5h4 g3f3 g1f1,2567,long mate matein3 middlegame
0zRhL,r1b5/6R1/2p4p/4Rk2/1p1B4/1q6/1p3PPP/6K1 b - - 2 39,f5f6 e5e3 f6f5 g2g4 f5f4 d4e5,2529,discoveredattack discoveredcheck endgame exposedking long mate matein3
1Crj8,8/8/4p2r/P1kpPb2/1p1N3p/1P2K3/R7/8 b - - 1 45,h4h3 a2a1 h3h2 a1c1 f5c2 c1c2,2591,endgame long mate matein3 quietmove
1DI0S,5b2/pb3pp1/1p1ppk1p/1P1P4/P1K1PPP1/3B3P/7B/8 b - - 0 37,f8e7 e4e5 d6e5 g4g5 h6g5 f4e5,2565,bishopendgame endgame long mate matein3
1RFhl,2k4r/5p2/2p1p3/1p1nPp2/p2P1qP1/2P5/PP1QBB1r/R4RK1 w - - 13 31,d2f4 d5f4 e2f3 h2g2 f3g2 f4e2,2663,exposedking kingsideattack long mate matein3 middlegame
1rrgN,8/1b5p/1p1rp1p1/2q4k/p3PQ1P/P1p2P2/6PK/3R4 b - - 1 36,d6d1 g2g4 h5h4 g4g5 h4h5 f4g4,2503,discoveredattack discoveredcheck endgame long mate matein3
1tXkV,2kr3r/ppp1qppp/8/8/2Qn1B2/2n2B2/PPP2PPP/RN2K2R w KQ - 1 14,e1f1 e7e1 f1e1 d4f3 g2f3 d8d1,2505,attraction clearance long mate matein3 middlegame sacrifice
2GWtd,r6k/p2qrRpp/1p2n2N/2bpP3/6Q1/2B5/1P4PP/5R1K b - - 6 28,g7h6 g4g7 e6g7 f7f8 a8f8 f1f8,2503,backrankmate long mate matein3 middlegame sacrifice
2HmvK,2r4k/Qp1q3p/8/P2p2p1/3P4/4Pp2/1P3P1P/5RK1 w - - 1 27,g1h1 d7g4 f1g1 g4g1 h1g1 c8c1,2667,attraction endgame long mate matein3 sacrifice
2SG9S,4rk2/pp3p2/4b3/2RpN3/3P1P2/3N1K1p/PP4rq/4QR2 w - - 3 27,f1h1 e6g4 e5g4 g2g3 e1g3 h2e2,2501,clearance long mate matein3 middlegame sacrifice
2W5D8,8/1R1Q3p/8/3P4/2P4P/4q3/P5PK/2k1r3 w - - 3 54,d7h7 e3e5 g2g3 e5e2 h2h3 e1h1,2619,endgame long mate matein3
2gLOF,r1b4Q/pppk4/8/3pPp2/2PP1q2/6R1/PP5K/8 b - - 11 36,d7c6 h8e8 c8d7 e8g6 d7e6 g6e6,2574,endgame long mate matein3
2sGKx,r6r/pp1k2Q1/1q2p3/n2B4/3P4/1PP3P1/3N1P1P/2b3K1 b - - 0 22,d7d6 d2e4 d6d5 e4f6 d5d6 g7d7,2580,long mate matein3 middlegame sacrifice
392t6,7k/1pp3qp/P7/8/P4P2/2r3p1/RQb1K1Pn/4R3 w - - 4 34,a6b7 g7e7 e2d2 h2f1 e1f1 e7e3,2521,exposedking long master mate matein3 middlegame sacrifice trianglemate
3FXTa,r3k2r/1bR2pp1/7p/1p5q/8/4PN2/5PPP/3Q1RK1 b kq - 0 19,b7f3 d1d6 h5g5 d6d7 e8f8 d7f7,2601,long mate matein3 middlegame
3LSO4,r2b1rk1/pppqnpp1/3n1N2/6Np/5QbP/3BB3/PPP2P2/2K3RR b - - 5 17,g7f6 d3h7 g8g7 f4f6 g7f6 e3d4,2512,attraction intermezzo kingsideattack long mate matein3 middlegame sacrifice
3OrGn,7R/3bkp2/4p1pp/Q2pP3/3b1PK1/P2Pn2P/B4r2/7R w - - 4 32,g4h4 e3f5 h4g4 f2g2 g4f3 f5h4,2655,fork long mate matein3 middlegame
3gPC6,8/p7/1p3p2/2p1bPp1/2Pk2P1/1P6/4R1r1/2BK4 b - - 7 43,g2g4 d1c2 g4g3 c1b2 g3c3 b2c3,2516,endgame long mate matein3
3hzzY,r2qn3/p3pr2/1p1pb1p1/7R/4Nkn1/6P1/PPP5/2KR1BN1 b - - 0 21,f4e4 d1e1 g4e3 f1d3 e4d4 g1e2,2731,long mate matein3 middlegame
3kL4P,8/5pQ1/6p1/6k1/4q2p/6P1/5P1P/6K1 w - - 0 44,g7f7 e4b1 g1g2 h4h3 g2h3 b1f1,2652,attraction endgame long mate matein3 queenendgame
47JJc,2k4r/3q4/5Q2/b1N1pP2/1nP1P3/3P1B2/3BK1nr/1R6 w - - 0 43,c5d7 g2e3 f3g2 h2g2 e2f3 h8h3,2551,discoveredattack discoveredcheck long mate matein3 middlegame
4DPL3,3Q3k/1p2rpp1/6p1/2p1b3/1q4P1/1P3N1P/5P2/6K1 b - - 1 31,h8h7 f3g5 h7h6 g5f7 e7f7 d8h4,2503,clearance endgame long mate matein3 sacrifice
4SjkF,8/1B6/8/7p/5np1/7k/7P/6K1 b - - 3 53,h5h4 g1h1 g4g3 b7c8 f4e6 c8e6,2507,endgame long mate matein3
4g6gV,8/5R1p/1p4p1/2p1k3/8/1PKBP3/r6r/4B3 b - - 9 33,h2h1 e1g3 e5d5 e3e4 d5e6 d3c4,2516,endgame long mate matein3
4v3cH,r3k2r/pp2bppp/2n5/2pp3b/6Pq/P1NP4/BPPK3P/R1BQ2NR w kq - 3 12,g4h5 h4f4 d2e1 e7h4 e1e2 c6d4,2569,long mate matein3 middlegame
4xi8t,r1b1kbnr/pp2p1pp/5p2/2p1NN2/3qPP2/3P4/PP4PP/R1BQK2R b KQkq - 1 11,d4d8 f5g7 f8g7 d1h5 e8f8 h5f7,2520,long mate matein3 opening sacrifice
50lAk,1r1r2k1/pB3p1p/3Bb1p1/2Pn4/8/Q1R3P1/1P1KPP1P/1q4NR w - - 3 19,d6b8 b1d1 d2d1 d5e3 d1c1 d8d1,2572,attraction discoveredcheck doublecheck long mate matein3 middlegame sacrifice
56NcG,8/7p/4k1pB/2Q2p2/2Pp4/1P3PK1/P5PP/4q3 w - - 1 43,g3f4 e1h4 g2g4 g6g5 h6g5 h4h2,2530,endgame fork long mate matein3
5F1XM,r3rk2/pp2bp2/2p2p1p/3p1B1Q/5qR1/7P/PP3PP1/4R1K1 b - - 5 24,f4d2 h5f7 f8f7 f5e6 f7f8 g4g8,2547,attraction long mate matein3 middlegame operamate sacrifice
5IPqg,r2qr1k1/ppp3pp/2np1B2/3N1Pn1/2B5/1P4RP/P1p3P1/Q5K1 b - - 0 20,g7f6 d5e7 g8g7 g3g5 g7h8 a1f6,2667,discoveredcheck doublecheck kingsideattack long mate matein3 middlegame pin
5LQN4,q5k1/2p3pp/3ppr2/1P2pn2/8/1QBPb1P1/4PP1P/1N3RK1 w - - 3 20,f2e3 a8g2 g1g2 f5e3 g2g1 f6f1,2516,attraction discoveredattack fork long mate matein3 middlegame sacrifice
5hmNu,rn2k2r/pbpp1ppp/1p6/4p3/1P1bP2q/P1N4P/1BPP2P1/R2QKBNR w KQkq - 1 9,e1e2 b7a6 b4b5 a6b5 d2d3 h4f2,2641,long mate matein3 opening swallowstailmate
5isel,4r1k1/pp4pn/1qpb4/4NB1Q/3P4/P5P1/1P3PK1/8 b - - 2 29,h7f6 f5h7 f6h7 h5f7 g8h8 e5g6,2572,fork long mate matein3 middlegame sacrifice
6NjFF,7r/pp1r3p/3b4/3N4/3nB1kP/6P1/PP4K1/5R2 b - - 2 29,d6e5 f1f5 e5g3 d5f6 g4h4 f5h5,2742,fork long master mate matein3 middlegame sacrifice
6PSdX,8/2Q3p1/1pP2k2/5p2/1B1P4/P2KPPP1/7r/3q4 w - - 8 53,d3c4 d1e2 c4d5 e2a2 d5d6 a2e6,2532,endgame long mate matein3
6cv00,8/8/2Q3p1/7p/4K3/7P/3k2P1/1q6 w - - 2 44,e4f3 b1d3 f3f2 d3e3 f2f1 e3e1,2530,endgame exposedking long mate matein3 queenendgame
6eB0Q,r1r5/4bppp/4k3/3bp3/1P4PP/P2QBq2/2P5/2KR3R b - - 7 23,d5e4 d3d7 e6f6 d1d6 e7d6 d7d6,2672,long mate matein3 middlegame sacrifice
6iR6r,5k2/1R4p1/3K2P1/5B2/4Pr2/4n3/8/8 b - - 0 53,e3f5 d6d7 f4e4 b7b8 e4e8 b8e8,2700,defensivemove endgame long mate matein3
6psXs,r1q4r/pbpR1pkp/1p2pNp1/5nQ1/2P2P2/8/PP2B1PP/5RK1 b - - 6 22,h7h6 g5g6 g7g6 e2h5 g6g7 d7f7,2611,attraction long mate matein3 middlegame operamate pin sacrifice
6uOPm,r1bq1b1r/ppp2k1p/3p1p2/6BQ/3P4/2P5/PP3PPP/nN1KR3 b - - 3 15,f7g7 g5h6 g7g8 h5d5 c8e6 d5e6,2658,long mate matein3 middlegame
7BnQg,8/5kpp/p3p3/1p3R2/3PP1Q1/BPrqb3/P5PP/7K b - - 0 25,e6f5 g4h5 g7g6 h5h7 f7e6 h7e7,2543,endgame long master mate matein3
7LasP,5r1k/3RR3/p6B/1p2p3/4b3/5nP1/PPr2PKP/8 w - - 0 35,h6f8 f3g1 g2g1 c2c1 d7d1 c1d1,2508,attraction discoveredattack discoveredcheck endgame long mate matein3 pillsburysmate sacrifice
7Ps3n,4B3/pp2R1pk/7p/q4p2/P1Q3n1/1P6/3r2P1/2R3K1 w - - 2 27,c4f7 a5c5 c1c5 d2d1 e7e1 d1e1,2548,long mate matein3 middlegame sacrifice
8GWW9,8/1bp2pk1/p2p2pp/1p1nr3/3Q4/2N3Pq/PPB2P1P/4RRK1 w - - 0 26,f2f4 h3g2 g1g2 d5f4 g2g1 f4h3,2548,attraction discoveredcheck doublecheck kingsideattack long mate matein3 middlegame sacrifice
8PASJ,8/6Rp/p5p1/5kP1/P3bP2/7P/2r1n3/Q5K1 w - - 3 37,g1h2 e2d4 h2g1 d4f3 g1f1 e4d3,2505,discoveredattack discoveredcheck endgame long mate matein3 morphysmate
8RdP3,8/1k3p2/p1p1nB2/4P2p/PK5P/1P6/8/8 w - - 1 41,b4a5 c6c5 b3b4 e6d4 b4b5 d4b3,2530,endgame long mate matein3 quietmove
8RiQe,r6k/pp3p1p/4bp2/8/2PQp3/PB5q/1P6/RN3R1K w - - 2 21,h1g1 h3g3 g1h1 g3h4 h1g1 a8g8,2501,exposedking long mate matein3 middlegame
8aio0,1r3r1k/p6P/1n1q1pQN/n1pBp1p1/2Pp4/P7/1P2PP2/R2K3R b - - 4 36,b6d5 g6g8 f8g8 h7g8q b8g8 h6f5,2550,advancedpawn discoveredattack discoveredcheck exposedking kingsideattack long mate matein3 middlegame promotion sacrifice
8ezyz,7k/1pQ4p/5np1/p1P2p2/8/P6P/BP3PPK/R1Bqr3 w - - 1 29,c1g5 e1h1 h2g3 f6h5 g3h4 d1g4,2512,epaulettemate long mate matein3 middlegame pin
8ksw8,r4r2/pp6/2p1pn1R/3p1pk1/3P4/P1PBnPP1/2P4R/2K5 b - - 2 24,a8e8 h2h4 e3g2 f3f4 g2f4 g3f4,2661,long mate matein3 middlegame quietmove
8yh0y,7Q/r1k5/bNp1p3/p2pP2p/P2q3P/2R5/1P3PP1/6K1 b - - 0 34,c7b6 h8b8 a7b7 c3c6 b6c6 b8d6,2581,attraction endgame long master mate matein3 sacrifice
8zEZ8,5rk1/2p3pp/8/2Q3N1/8/4n3/Pq2rPPP/R4RK1 w - - 5 24,f1b1 e2e1 b1e1 b2f2 g1h1 f2g2,2501,discoveredattack long mate matein3 middlegame sacrifice
95OMe,2k1r1r1/pp1b4/6Np/2Np3P/Pq1P4/3KPQ2/7b/2R5 b - - 1 27,c8d8 c5b7 b4b7 f3f6 e8e7 f6e7,2531,exposedking long mate matein3 middlegame sacrifice
95Ttx,8/p1k2NpQ/1p6/2bpPP2/4q3/7P/P4PKR/8 w - - 8 29,f2f3 e4e1 h3h4 e1f2 g2h3 f2f3,2680,deflection endgame epaulettemate long mate matein3
9BHI3,8/Q1p1qkpp/8/8/2P1n1b1/3PK3/Pr4PP/R4B1R w - - 0 17,d3e4 e7g5 e3d4 g5d8 d4c3 d8d2,2761,long mate matein3 middlegame trianglemate
9C66L,8/p1p1q1p1/3p3p/6k1/2P4P/5Q2/P4PPK/8 b - - 0 35,g5h4 f3f5 e7e5 g2g3 e5g3 f2g3,2660,endgame long mate matein3 queenendgame quietmove
9Q1E5,r4r2/p4p2/1p3k1R/2p2Np1/2b1p3/2b1P1P1/q1B1QPP1/3R1K2 b - - 4 27,f6f5 d1d5 c4d5 e2f3 f5e5 f3f6,2526,long mate matein3 middlegame pin sacrifice
9R0CX,r4r1k/pp3pR1/2pp4/4n1Q1/3qP2P/8/6P1/5R1K b - - 2 29,e5g4 g7g8 f8g8 g5h5 h8g7 f1f7,2609,exposedking killboxmate long master mate matein3 middlegame sacrifice
9dr2f,8/6pk/2RB1p2/2P2K1p/1R1p4/3P1PP1/4rr2/8 w - - 1 31,f5f4 e2e3 f4f5 f2f3 d6f4 e3e5,2599,endgame epaulettemate long mate matein3 pin
9lOVv,4r3/3R3p/p4kp1/1p3p2/3Q1Pnq/2P5/PP4P1/6K1 b - - 3 30,g4e5 d4d6 e8e6 d6f8 e5f7 f8f7,2505,endgame epaulettemate long mate matein3
A89m0,5r2/pp3k2/5p2/3Np2K/8/5Br1/PP3b2/R2RB3 w - - 1 34,h5h4 g3g5 e1f2 f8h8 f3h5 h8h5,2581,blindswinemate discoveredattack discoveredcheck long mate matein3 middlegame sacrifice
Ab7Ym,r1b3nr/2ppk2p/p1p2p2/8/3P2Q1/P7/3BKPPP/7q b - - 3 17,e7d6 g4e4 h1h2 d2b4 c6c5 d4c5,2679,long mate matein3 middlegame
ApmaF,r2b1rk1/6pp/1pR5/pQ1Pp3/4P3/P1R1NN1P/1P2nqPK/8 w - - 9 31,c3c2 f8f3 c2e2 f3h3 h2h3 f2h4,2563,attraction long mate matein3 middlegame pin sacrifice
B2yeM,r2N1rk1/ppp1n1p1/2n4p/3P4/2B3b1/2N5/PPPPKbPP/R1BQ3R w - - 2 10,e2d3 c6e5 d3e4 g4f5 e4e5 e7g6,2670,exposedking long mate matein3 middlegame sacrifice
BM5qq,5rk1/p1p3pp/1p6/2n1p3/1PP1bpNq/2Br1P1P/P1Q1K3/R4BR1 w - - 0 25,b4c5 e4f3 e2d3 h4d8 c3d4 d8d4,2547,long mate matein3 middlegame sacrifice
BTgkM,r5k1/1b2brpn/p2pN1Q1/8/1pq1P2B/2N5/PPP4P/2KR2R1 b - - 0 22,b4c3 g6f7 g8f7 g1g7 f7e6 g7e7,2553,attraction discoveredattack fork long mate matein3 middlegame operamate sacrifice
Bkwmu,2r4k/pp4pp/4b3/Q7/4Pp1q/8/PPPBBPKn/R3R3 w - - 8 24,e1h1 f4f3 e2f3 h4h3 g2g1 h2f3,2514,deflection fork long mate matein3 middlegame
BqIaV,6k1/pb4pp/1p2q1n1/3pPP1Q/3P3B/1P3p1P/P1r4K/R6R w - - 1 26,h2g3 e6e5 d4e5 c2g2 g3f3 d5d4,2760,discoveredattack discoveredcheck long mate matein3 middlegame sacrifice
Buz7H,6r1/4R1pk/1P1Bp3/p3Pp1p/5P2/P4RKP/5QP1/6rq w - - 0 40,b6b7 h1h3 g3h3 g1h1 h3g3 h5h4,2563,attraction long mate matein3 middlegame pin sacrifice
BwZJM,r4b1r/pp2q1p1/1k1NBn1p/2R5/4PB2/3N4/PP4PP/7K b - - 0 20,e7e6 d6c4 e6c4 f4c7 b6a6 c5a5,2541,clearance exposedking long mate matein3 middlegame operamate sacrifice
CKC5y,rnQbk1nr/pp2q1p1/2p1N3/4P3/8/2P3p1/PP4PP/RN2KR2 b Qkq - 5 17,g3h2 f1f8 e7f8 e6c7 e8f7 c8e6,2604,exposedking long mate matein3 opening sacrifice
CP7v6,6k1/3Q1pp1/8/4PP1p/4Pb1P/2r3PK/2P1b1B1/7R w - - 1 38,h1e1 c3g3 h3h2 g3h3 h2g1 f4e3,2502,discoveredcheck doublecheck endgame long mate matein3
CTQfs,2r1brk1/p1n3pp/2N5/2K5/1P1p1p2/3P1BN1/2P2PPP/2R4R w - - 0 31,g3e4 f8f5 c6e5 c7b5 c5d5 e8f7,2696,discoveredattack discoveredcheck long mate matein3 middlegame pin
CVdQY,2r2knr/ppN1p1bp/4p1p1/5bN1/1n3B2/8/PP2KPPP/2RR4 b - - 1 16,e6e5 c7e6 f5e6 c1c8 e6c8 d1d8,2539,discoveredattack long mate matein3 middlegame sacrifice
CXKk4,r2b4/ppq3p1/5kp1/2P1pNN1/1P1pp3/PQ6/3K1PP1/R6r b - - 1 25,h1a1 g5e4 f6f5 b3h3 f5e4 h3f3,2575,long mate matein3 middlegame sacrifice
CnA6q,4r1k1/ppb2ppp/8/3p3n/8/1NPN1P1P/PP2r1P1/3RR1K1 w - - 5 25,g1f1 c7h2 e1e2 h5g3 f1e1 e8e2,2523,fork long mate matein3 middlegame quietmove sacrifice
D6UMH,1r1q1rk1/1b2bpp1/p3pn1P/1p1n2N1/3PN3/5Q2/PP1B1PP1/2R1K2R b K - 0 19,f6e4 f3f7 f8f7 h6h7 g8h8 g5f7,2539,advancedpawn kingsideattack long mate matein3 middlegame sacrifice
DtYhe,1k2r1r1/ppp2Q2/1n1b4/8/3P4/2P2B1P/PPq3P1/R1B2RK1 w - - 3 24,f1f2 c2f2 g1f2 d6g3 f2g1 e8e1,2574,attraction kingsideattack long mate matein3 middlegame pillsburysmate sacrifice
Dtta1,3R4/1p3p1k/2p2p1p/2P2N2/1rb1B3/p1b4P/P1K3P1/8 b - - 1 30,c3e5 f5g3 f6f5 e4f5 h7g7 g3h5,2506,discoveredattack discoveredcheck endgame long mate matein3
E3DVD,5rk1/4q1p1/2p4R/pp1p4/1P1PP3/K1P5/P4r2/4Q1R1 w - - 0 30,h6g6 e7b4 c3b4 f8f3 e1c3 f3c3,2557,endgame long mate matein3 sacrifice
E7npd,4r1k1/np6/6pp/pP1NBK2/Pb3PP1/1Q2P3/6qP/2R5 w - - 0 45,f5f6 e8e6 f6e6 g2g4 f4f5 g4f5,2700,attraction long mate matein3 middlegame sacrifice
E8Zmo,b7/pq4bk/1p3B2/4P3/1P4P1/2PQp3/P6P/6K1 b - - 5 36,h7h6 f6g5 h6g5 d3f5 g5h6 f5h5,2599,attraction endgame exposedking long mate matein3 sacrifice
ET6Iu,1k6/1p4QR/pq1r1p2/3K4/2p2P2/2P1P1P1/6P1/8 w - - 0 36,d5e4 b6b1 e4f3 b1d1 f3f2 d6d2,2636,endgame long mate matein3
EWNzk,1kb4R/p1p5/1p1p1pq1/P2P1Nb1/1PP3B1/5K2/6P1/8 b - - 2 35,b8b7 f5d6 c7d6 a5a6 b7a6 g4c8,2507,attraction deflection endgame long mate matein3 sacrifice
Ebzsl,r4r2/2qR4/p7/1p1p1p2/1Pk5/2Pp1Q2/PK3P1P/8 b - - 0 32,c7e5 d7c7 e5c7 f3d1 d3d2 d1e2,2759,endgame long mate matein3 sacrifice
Ed8Z8,3rr2k/7p/p1p4N/8/6B1/1Q2b1Bb/PP1K1p1P/R6R w - - 2 30,d2e2 d8d2 e2f3 f2f1q h1f1 h3g2,2617,advancedpawn deflection exposedking long mate matein3 middlegame promotion
Ez6GI,r1b1k2r/pp3ppp/4p3/2bpPn2/8/5N1P/Pq1BQPP1/RN2KB1R w KQkq - 2 12,d2c3 b2c1 e2d1 c5f2 e1f2 c1e3,2614,attackingf2f7 attraction deflection long mate matein3 middlegame sacrifice
F1PiB,3k2r1/pQp1b3/2P1p2p/8/3P4/P3r1q1/5RP1/5RK1 b - - 0 32,e7a3 b7a8 d8e7 f2f7 e7d6 f7d7,2600,epaulettemate long mate matein3 middlegame
FKyEW,6nk/p5p1/1p2p1QB/3qP3/3b3N/r6P/6P1/5R1K b - - 1 34,g7h6 g6h7 h8h7 f1f7 h7h8 h4g6,2696,attraction cornermate exposedking long mate matein3 middlegame sacrifice
FOIOD,2kr3r/1Rpq2pp/Qnnp1p2/8/4P3/2B5/P5PP/1R4K1 b - - 0 21,c6b8 b7c7 c8c7 a6b6 c7c8 b6b8,2532,attraction discoveredcheck doublecheck long mate matein3 middlegame queensideattack
FRdI6,1rr2k2/p5b1/3p2pQ/3P4/3p4/1q1B1P2/2P5/2KR2NR w - - 3 25,h6g6 c8c2 d3c2 b3a3 c1d2 a3e3,2558,long master mate matein3 middlegame sacrifice
FjQKC,5rk1/pR2pB1p/2nP2pQ/2p3Pb/4P1P1/8/P2q1P2/5K1R b - - 0 22,g8f7 b7e7 c6e7 h6h7 f7e6 h7e7,2509,long mate matein3 middlegame sacrifice
Fsf0O,8/6N1/1R5p/5kp1/2r1p2P/n5P1/5PK1/8 b - - 1 41,f5g4 b6e6 a3c2 e6e4 c4e4 f2f3,2542,endgame long mate matein3 sacrifice
FwCDM,4r3/1p3pkp/5Rp1/pb1Pq1N1/4r2P/8/2P2QP1/5RK1 b - - 0 34,b5f1 f6g6 h7g6 f2f7 g7h8 f7h7,2638,discoveredattack fork long mate matein3 middlegame sacrifice
G8xxY,2k5/ppp2ppp/8/4r3/6K1/P1N1b1P1/1P2N2P/4nB1R w - - 3 22,f1h3 f7f5 g4h5 g7g6 h5h4 e1f3,2511,long mate matein3 middlegame
GBqDv,7r/pBppr1p1/1p5p/3R4/2k5/2P5/PPK1nPPP/7R b - - 4 23,c7c6 h1d1 c6d5 b2b3 c4c5 d1d5,2571,endgame long mate matein3 operamate quietmove sacrifice
GGdeH,r1bq3k/pp1n4/4prPQ/3p1B2/3p2R1/8/PPP1pP2/2K5 b - - 1 23,h8g8 f5e6 f6e6 h6h7 g8f8 h7f7,2528,exposedking kingsideattack long mate matein3 middlegame sacrifice
GV3Ky,4kb1r/pp4pp/2b1PN2/6B1/3p4/5Q2/Pqr3PP/R4R1K b k - 0 21,g7f6 f3f6 c6g2 h1g1 d4d3 f6f7,2537,long mate matein3 middlegame
GlQac,5qk1/6pp/Q7/P2p4/2p2P1P/4r3/1r4P1/R5RK w - - 0 36,a6c6 f8d8 g2g3 d8h4 g3h4 e3h3,2507,endgame long mate matein3 sacrifice
H0EcG,4r1k1/pbr3p1/1p2ppN1/q7/3p2Q1/3BB2R/PP6/1K6 b - - 1 34,d4e3 g4e6 e8e6 h3h8 g8f7 h8f8,2535,long mate matein3 middlegame sacrifice
H52Z7,8/1p3pk1/4q1p1/8/5PK1/1P4PP/P4Q2/8 w - - 9 35,g4h4 e6e7 h4g4 f7f5 g4f3 e7e4,2543,endgame long mate matein3 queenendgame
HO6mW,5rk1/5pp1/2p4p/1PPqP3/2KP1PP1/r2B3P/8/1Q1R3R w - - 1 33,c4b4 d5d4 b4a3 d4c3 a3a2 f8a8,2501,long mate matein3 middlegame sacrifice
HQIzD,r1bq1k1r/3pn2p/p1pN2pB/5p2/1PP5/5Q2/P4PPP/b3KB1R b K - 1 14,a1g7 f3c3 g7h6 c3f6 f8g8 f6f7,2558,exposedking fork long mate matein3 middlegame pin sacrifice
HTUid,5rk1/pp1b2rp/2pqN1pQ/2p1n1p1/4P3/3P3P/PPP2RP1/5RK1 b - - 1 22,g7f7 h6g7 f7g7 f2f8 d6f8 f1f8,2545,deflection kingsideattack long mate matein3 middlegame sacrifice
HU1bI,r2Nk2r/ppp3p1/2np4/2b1p3/2B1n3/2NP4/PPP2pP1/R1BQ1RK1 w kq - 0 12,f1f2 c5f2 g1f1 h8h1 f1e2 c6d4,2551,kingsideattack long mate matein3 middlegame
HacVQ,8/3R4/1P6/3Pp1P1/pk6/1n2N3/K7/r7 w - - 1 43,a2b2 a4a3 b2c2 e5e4 d5d6 a1c1,2541,endgame long mate matein3
Hcu0Y,7k/1R5p/Q5p1/8/2PR4/P4r1K/5q1P/5B2 w - - 3 35,h3g4 f3g3 h2g3 f2f5 g4h4 f5h5,2511,clearance endgame long mate matein3 sacrifice
HgfuP,8/8/p4P2/2k4N/1p5B/2p4P/r7/2K5 w - - 0 47,f6f7 a2a1 c1c2 c5c4 f7f8q b4b3,2580,endgame long mate matein3
I0zf5,3r2k1/4R1pp/8/2n1Np2/1pP1b3/rN2P2P/PK3PP1/R7 w - - 1 29,f2f3 a3b3 a2b3 d8d2 b2c1 c5b3,2506,cornermate deflection long mate matein3 middlegame sacrifice
I63Us,1r3q2/2p3pk/2Qp2pp/4p3/4n3/2PP2NP/PP3KP1/R1B1R3 w - - 0 23,f2e2 b8b2 c1b2 f8f2 e2d1 f2d2,2602,long mate matein3 middlegame sacrifice
IDJfw,4rrk1/1p6/2p3R1/4P3/p7/4P1Q1/6PK/1q6 b - - 0 28,g8f7 e5e6 e8e6 g6g7 f7f6 g3g5,2546,endgame exposedking long mate matein3 trianglemate
IFYUK,1R6/4ppkp/3p2pB/3P1P2/2p1P3/r5N1/r4qPP/2Q4K b - - 3 31,g7f6 h6g7 f6g7 g3h5 g6h5 c1g5,2528,attraction epaulettemate long mate matein3 middlegame sacrifice
IQT06,2r5/pppk1RBp/1bn5/1N1N4/2B1p3/1P2P3/3q2PP/6K1 b - - 5 23,d7e8 b5d6 c7d6 d5f6 e8d8 f7d7,2643,exposedking long mate matein3 middlegame sacrifice
IYnA4,2r1kr2/pp2nb1Q/3R2p1/1N2p3/2B1P3/1P6/PP4q1/2K2R2 b - - 3 22,f7c4 b5c7 c8c7 f1f8 e8f8 d6d8,2512,attraction exposedking long mate matein3 middlegame sacrifice
Iamwe,r2qr3/pb2bp1k/1pn1p1p1/2p1P2Q/2PpNP2/3B2R1/PPPB2PP/R5K1 b - - 0 20,g6h5 e4d6 f7f5 e5f6 h7h8 d6f7,2516,cornermate discoveredattack discoveredcheck enpassant exposedking fork long mate matein3 middlegame
Ihn1t,8/3pkp1Q/p3p3/8/8/3BKP2/5qr1/3R3R w - - 1 38,e3e4 g2g4 f3g4 d7d5 e4e5 f2f6,2504,endgame long mate matein3 sacrifice
Ivy4s,r3r1k1/pbp2p2/1p5p/4P3/3Pn3/1NP1Q1Pq/PP2B2P/R3R2K w - - 7 29,e2f1 h3f1 e1f1 e4f2 h1g1 f2h3,2511,discoveredcheck doublecheck kingsideattack long mate matein3 middlegame sacrifice
J2iMZ,3r4/2r5/p2p4/1pPRp3/1P3p2/P4P1k/5Kp1/6R1 b - - 0 48,c7d7 d5d1 e5e4 g1h1 g2h1b d1h1,2535,endgame long mate matein3 rookendgame
J57db,r4rk1/pb1nq3/1pp1ppB1/3n2Np/3B2PQ/P1P5/1PP4P/R4RK1 b - - 0 20,f6g5 g6h7 e7h7 h4g5 h7g6 g5g6,2575,deflection exposedking kingsideattack long mate matein3 middlegame sacrifice
JGztc,r2q3r/ppR2Q1p/3pn3/2bkpN2/8/3P4/1P4PP/3R3K b - - 3 26,d8c7 f5e7 c7e7 f7f3 e5e4 f3e4,2519,clearance long mate matein3 middlegame sacrifice
JSq0P,1k6/p1p1QN2/1p1p3B/3P1b2/1PP5/PKN5/5q2/8 w - - 2 31,b3a4 b6b5 c4b5 f5c2 a4a5 f2b6,2531,endgame long mate matein3
JZbMA,r6r/pp3k1p/2npb3/5p2/P2ppP1P/1P2P1q1/2PPK1P1/RN1Q1B1R w - - 0 17,h1h3 d4d3 c2d3 c6d4 e3d4 e4d3,2527,long mate matein3 middlegame sacrifice
JiFaW,5rk1/pp3p1R/q7/3Pp1P1/2n1B3/2P2Q2/P2KNP2/8 w - - 5 30,d2c2 a6a2 c2d3 a2b1 d3c4 f8c8,2561,long mate matein3 middlegame sacrifice
JnGTl,4r2r/p1p1P1Qp/1pn5/5P1k/3P3q/2P5/P1P4P/1KB5 b - - 12 31,c6e7 h2h3 h7h6 g7f7 e7g6 f7g6,2525,endgame long mate matein3 quietmove
Jv3ox,4Q3/6p1/p1rR1p2/Pp3k1p/5P2/1p2K1P1/1P1r3P/8 b - - 0 32,c6d6 g3g4 f5g4 e8g6 g4h4 g6g3,2579,attraction endgame long mate matein3 queenrookendgame
Jw826,8/p3R2p/1p4pk/8/5NPP/3p2K1/r1n5/8 b - - 1 39,g6g5 h4g5 h6g5 e7e6 d3d2 f4h3,2587,endgame long mate matein3
Jwxdh,1Q5r/3r1k2/5Bpq/8/3pP1P1/3Pb2n/PPP3B1/R4R1K w - - 1 39,f6g5 h3f4 g5h6 h8h6 g2h3 h6h3,2544,discoveredattack discoveredcheck exposedking kingsideattack long mate matein3 middlegame pillsburysmate sacrifice
JwyEF,6k1/5ppp/R7/8/2n5/5PQ1/1q3KPP/8 w - - 3 42,f2e1 b2c1 e1f2 c1e3 f2f1 c4d2,2522,cornermate endgame exposedking long mate matein3
K7RpN,r2r4/5p2/2p1p1kR/1p2P1p1/3P4/2PK4/p7/7R b - - 1 38,g6f5 h1f1 f5g4 f1g1 g4f3 h6f6,2526,endgame long mate matein3 rookendgame
KTthU,2kr4/R5p1/1pp5/5P2/4Q1P1/2PqBK1r/1P6/5R2 w - - 1 28,f3f4 d3d6 e4e5 d6h6 g4g5 h6h4,2568,long mate matein3 middlegame
Kc6Ou,r4rk1/pbp1qp2/1p4p1/4p1N1/3nP1P1/4Q3/PP1N1P2/1K5R b - - 5 25,d4e6 e3h3 g8g7 h3h6 g7f6 g5h7,2527,long mate matein3 middlegame
KiywZ,8/2p2kpp/4b3/3QN3/8/3P2P1/3BqrBK/8 b - - 0 27,f7f6 d5d8 f6e5 d3d4 e5f5 d8g5,2538,exposedking long mate matein3 middlegame sacrifice
KkYpN,r4k1r/1pp2p2/p3bN1p/8/5PPB/q1P4P/1b1nQ3/1K1R1BNR w - - 1 20,d1d2 e6a2 b1c2 a3c3 c2d1 c3c1,2518,exposedking long mate matein3 middlegame queensideattack
KkjeD,2rn1k2/ppq4p/4pN1B/3pP2B/8/1P1r4/P7/6RK b - - 0 33,f8e7 h6f8 e7f8 g1g8 f8e7 g8e8,2577,attraction hookmate long mate matein3 middlegame operamate sacrifice
KyrdX,8/2pq3k/2p2p2/4p1pp/8/Q4NP1/4bPKP/2B5 w - - 0 30,a3e3 d7h3 g2h1 e2f3 e3f3 h3f1,2610,deflection endgame long master mate matein3
L02Wt,rn4nr/pp3Bpp/2p2k2/4N3/4N3/bP5b/P1PPQPqP/R3KR2 b Q - 1 12,f6e5 f2f4 e5f5 e4d6 a3d6 e2e6,2618,clearance long mate matein3 middlegame sacrifice
L7xOQ,2r3k1/3R4/5p1R/4p3/4N1PP/3P1n2/3K1P2/2r5 w - - 7 39,d2e2 f3g1 e2e3 c1e1 e3d2 g1f3,2546,endgame long mate matein3
LHv9k,rnbQ4/pppp2kp/q7/8/3P1N2/1K6/PPPb2P1/7R b - - 0 32,b8c6 f4h5 g7f7 d8f6 f7g8 f6g7,2513,long mate matein3 middlegame
LJdR8,8/7p/6pk/1QpBp3/4Pq1b/2PP3P/6P1/6K1 w - - 3 34,b5c5 f4c1 g1h2 h4g3 h2g3 c1f4,2575,attraction dovetailmate endgame long mate matein3 sacrifice
LLpwk,5k1r/p5r1/5p2/QbbN4/3nR3/8/PP3PKP/8 w - - 3 32,g2h1 h8h2 h1h2 d4f3 h2h3 b5f1,2599,attraction long mate matein3 middlegame morphysmate sacrifice
LSTcH,2r3k1/p4p1p/1p3R2/8/4p3/PKr1P2P/5PP1/7R w - - 1 28,b3b4 a7a6 f6b6 c8c4 b4a5 c3a3,2544,deflection endgame long mate matein3 quietmove rookendgame
Le4Jb,r3k3/5p1p/p1p5/8/2bp1Q2/2b2P2/2qN1K1P/1R4R1 b q - 3 29,c3d2 f4e5 c4e6 g1g8 e8d7 b1b7,2672,long mate matein3 middlegame
LqMuG,8/ppQ3pk/5r2/3P3p/1P3p2/P4P1q/1B1P4/R4R1K w - - 3 31,h1g1 h3g3 g1h1 g3h4 h1g1 f6g6,2599,endgame exposedking long mate matein3
M71bX,2r2r2/p7/6p1/5p2/1R1p3P/2pk1N2/5KP1/2R5 b - - 1 45,f8d8 c1d1 d3c2 b4b1 d4d3 f3e1,2532,endgame long mate matein3
MMiCg,2r5/5p1p/R4k2/4n1p1/2BK4/5P2/6PP/8 b - - 3 36,f6f5 c4d3 e5d3 g2g4 f5f4 a6f6,2624,endgame long mate matein3 sacrifice
MODmB,5k2/6pp/3Q3n/4PP2/1r6/8/2r3PP/2b3K1 b - - 1 41,f8f7 d6d7 f7f8 d7d8 f8f7 e5e6,2521,endgame long mate matein3
MQdb7,3r4/2R2Qp1/q4b1k/p3p2p/1p2P3/1P1PN1P1/1P5P/7K b - - 8 35,a6d3 f7f6 g7f6 e3f5 h6g5 c7g7,2503,endgame epaulettemate long mate matein3 sacrifice
MQuq4,5k1r/p4ppp/1p1p4/3Npb2/1P1qn3/3K1P2/P1P3PP/R1BQ3R w - - 5 19,d3e2 d4f2 e2d3 e4d2 d3c3 f2d4,2528,discoveredattack discoveredcheck long mate matein3 middlegame
MfSCP,3Q4/5b2/3b2k1/1p1q1p1p/1Pp1p2P/4P1P1/4BPK1/8 b - - 17 50,d5e6 d8h8 f5f4 e2h5 g6f5 g3g4,2650,endgame long mate matein3
Mhe3R,5rk1/1p4b1/2bpN3/7p/3n2p1/6BK/PP3P1P/4RR2 w - - 0 29,h3h4 c6e8 g3d6 d4f5 h4g5 g7h6,2629,fork long master mate matein3 middlegame quietmove
MnQBl,r1b1r3/pp3NkR/2p1p1P1/3p2q1/3P1n2/8/PPP1QPP1/1K6 b - - 2 25,g7g8 e2e5 g5e5 f7h6 g8f8 h7f7,2575,exposedking kingsideattack long mate matein3 middlegame sacrifice
MneYY,6B1/8/1p3R1P/1P2p1p1/4P3/3n1Pk1/P4r2/R4K2 w - - 1 40,f1g1 f2g2 g1f1 g3h2 a2a3 g2f2,2538,endgame long mate matein3
MwZeX,r2q1k1r/3n3B/p1p4Q/1p2P3/3P4/2P2P2/P4P1P/7K b - - 5 28,f8e7 h6g7 e7e6 h7f5 e6d5 g7f7,2565,endgame exposedking long mate matein3
NFjWO,7r/1p2kp1p/2p1pp2/pPP5/P2Pp3/4P2q/1QN5/R4R1K w - - 2 26,h1g1 h3g3 g1h1 g3h4 h1g1 h8g8,2659,endgame exposedking kingsideattack long mate matein3
NKoX4,r1b5/1p3pk1/p1p5/1PPp4/P2n4/4KP2/1q6/6RQ b - - 3 31,g7f8 h1h6 f8e7 h6d6 e7e8 g1g8,2581,endgame long master mate matein3
NMAjR,1k4r1/p4p2/1pP1p2p/8/Q2N4/2P3q1/PP6/3R2K1 w - - 0 28,g1f1 g3h3 f1e1 h3e3 d4e2 g8g1,2564,endgame exposedking killboxmate long mate matein3 pin
NcPWE,rb5k/1p3R2/p1p5/q2p3N/3n4/2KB3R/PP1Q4/6r1 w - - 5 32,c3d4 a5b6 d4c3 b8e5 c3c2 b6b2,2604,long mate matein3 middlegame
Npwv9,3k3N/ppp3pp/2n5/2bp1B2/8/4pKP1/PPPN3q/R1BQ4 w - - 1 20,d2b3 c6e5 f3f4 h2h6 f4e5 h6d6,2537,long mate matein3 middlegame sacrifice
Nq1yV,r2b1r2/6R1/7p/3R1p1k/p4P2/6P1/7K/8 b - - 1 34,a4a3 h2h3 d8g5 d5f5 a3a2 g3g4,2534,capturingdefender endgame long mate matein3
Nvzjc,4R3/kp1PQ2p/6p1/2p2p2/2q3n1/8/3PKPP1/8 w - - 0 41,e2f3 g4h2 f3g3 h2f1 g3h3 c4g4,2504,endgame exposedking long mate matein3
ODYXk,8/6Rp/p3rp2/7k/6P1/bp2B3/5PK1/8 b - - 0 40,h5h4 e3f4 a3d6 f4g3 d6g3 f2g3,2569,collinearmove endgame long mate matein3 quietmove
OPwxT,r2qr2b/1p1b1p1k/p1n1p1pB/2pp3n/6P1/P1NP4/BPPQ1P2/R3K2R b KQ - 0 18,h5f6 h6g7 h7g7 d2h6 g7g8 h6h8,2529,attraction discoveredattack discoveredcheck long mate matein3 middlegame sacrifice
OZRvQ,1R3Q2/2r1k2p/4b1pP/p4p2/3ppP2/p3q3/P5P1/2r2B1K b - - 9 48,e7d7 b8d8 d7c6 f8d6 c6b7 d6a6,2516,exposedking fork long mate matein3 middlegame
Oa3ZQ,5rk1/ppp2ppp/7q/5P2/3QRn1P/3B1Pb1/PPP3P1/R6K w - - 5 30,d4e3 h6h4 h1g1 h4h2 g1f1 h2g2,2506,kingsideattack long mate matein3 middlegame
OfTdR,1n6/1QBqb3/p5k1/6p1/K1P4p/3r1N2/P3RPPP/8 w - - 9 35,a4a5 d7a4 a5b6 e7c5 b6c5 b8d7,2567,attraction long mate matein3 middlegame sacrifice
OnlsW,r5k1/ppp2ppp/8/3b4/2qrNQ2/4R3/P4PPP/4R1K1 b - - 3 26,a8e8 e4f6 g7f6 e3g3 g8h8 e1e8,2523,discoveredattack kingsideattack long mate matein3 middlegame sacrifice
OpcZA,r4Nk1/pp4bn/2p5/5Q2/2PPp3/1P6/P2q1nK1/R1B5 b - - 1 29,d2e2 f5e6 g8f8 c1a3 c6c5 a3c5,2545,exposedking long mate matein3 middlegame sacrifice
OvocR,3r3r/pp2bpk1/4qN2/6pP/1p1B3P/5R2/P1Q2P2/6RK b - - 0 32,d8d4 c2h7 h8h7 g1g5 g7h8 g5g8,2549,arabianmate long mate matein3 middlegame pin sacrifice
OzMHc,3r1k1r/pp2ppbp/2p3p1/4N3/3P1QBP/8/bq3PP1/2R2K1R b - - 0 21,d8d4 e5d7 d4d7 f4b8 d7d8 b8d8,2502,clearance long mate matein3 middlegame sacrifice
P0SCA,r7/1p3RB1/2b3pk/P1Pp3p/1ppP4/4P3/6PP/6K1 b - - 3 38,h6g5 f7f4 h5h4 g7f6 g5h6 f4h4,2517,deflection endgame long mate matein3 pillsburysmate quietmove
P5iM4,r3rnk1/3qb3/p2p1nBQ/1p1b2N1/3B4/P1p5/1P4PP/R4RK1 b - - 4 23,d7g4 g6h7 f8h7 h6g6 g8h8 g6h7,2546,clearance exposedking kingsideattack long master mate matein3 middlegame pin sacrifice
PCu9F,r4bnr/5Rpp/2nqp3/3pN2k/P2PP3/3Q4/3B1PPP/4K2R b K - 2 18,c6e5 f7f5 e6f5 d3h3 h5g6 h3f5,2560,long mate matein3 middlegame sacrifice
PDD6v,6r1/1p5k/p4R2/3Np2p/3n4/3P1P1q/PP1QP3/5RK1 w - - 4 28,g1f2 h3h4 f2e3 d4f5 f6f5 h4d4,2625,clearance long mate matein3 middlegame sacrifice
PKqqC,2rqr3/pb3p1k/1p1b2p1/2pnNR1Q/3P4/2PB3P/PP6/R1B3K1 b - - 1 20,g6h5 f5g5 f7f5 d3f5 h7h8 e5f7,2557,cornermate discoveredattack discoveredcheck exposedking long mate matein3 middlegame
PRGSc,r1bq1rk1/ppp2pp1/7Q/3p4/8/3B2R1/P1P2PPP/bN4K1 b - - 0 15,g7g6 d3g6 f7g6 h6g6 a1g7 g6g7,2521,kingsideattack long mate matein3 middlegame
PTGp3,rn3b1r/pbN1kppp/2q4n/8/2p2B2/8/PP3PPP/R2QR1K1 b - - 3 16,e7f6 d1d8 f8e7 d8e7 f6g6 e7g5,2590,exposedking long mate matein3 opening
Pkh06,3Q4/pp6/2b1p3/2kp2P1/1P5b/4q3/P1B1n2P/1R5K b - - 0 29,c5b5 c2d3 e3d3 d8a5 b5c4 a5c5,2555,long mate matein3 middlegame sacrifice
PurgS,8/2P1Q1p1/4pnkp/p7/P3P3/6P1/3q1KBP/7R w - - 5 38,f2g1 d2d4 g1f1 d4d1 f1f2 f6g4,2632,endgame long mate matein3
Q7LFz,r1b2b1r/ppp2kpp/2n5/8/2q5/4Q3/PPP1N3/2K2RR1 b - - 1 18,f7g8 g1g7 f8g7 e3e8 g7f8 e8f8,2590,kingsideattack long mate matein3 middlegame sacrifice
QCI75,3r4/ppk1b1pp/7q/2p2Q2/4p3/2P2nP1/PP3PNP/3R1K1R w - - 1 23,d1d8 h6a6 c3c4 a6c4 d8d3 c4d3,2559,long mate matein3 middlegame
QJX3j,7k/6p1/2p4p/P5q1/1B6/1P3Q1P/2P1rpK1/5R2 w - - 7 40,g2h2 g5g1 f1g1 f2f1n h2h1 e2h2,2507,advancedpawn discoveredcheck doublecheck endgame long mate matein3 promotion sacrifice underpromotion
QdGog,6rk/pbq4p/1p2Np2/5p1Q/7R/1n2P3/P1P2PrP/4RK2 w - - 0 25,e6c7 g2f2 f1f2 g8g2 f2f1 b3d2,2503,attraction long mate matein3 middlegame sacrifice
QgRnE,6k1/6p1/4p1q1/4Q3/4p3/2P3r1/PP6/4RRK1 w - - 0 30,g1f2 e4e3 e1e3 g3g2 f2e1 g6b1,2678,endgame exposedking long mate matein3
R1yqW,7r/pp4k1/2p5/6p1/8/2P1BP2/PP2Q3/4R1Kq w - - 3 37,g1f2 h8h2 f2g3 h2g2 e2g2 h1h4,2532,clearance collinearmove endgame long mate matein3 sacrifice
R9uoT,6R1/5k2/4r3/2r2p1K/5P2/2p3RP/8/8 b - - 1 49,c3c2 g3g7 f7f6 g7h7 c2c1q g8g6,2709,clearance endgame long mate matein3 quietmove rookendgame
RDnYM,2k4r/1pp2p2/P2p3p/7b/P1B1P3/3R1P1q/8/3Q1R1K w - - 2 27,h1g1 h3g3 g1h1 g3h4 h1g1 h8g8,2573,exposedking long mate matein3 middlegame
REC4c,r1b4Q/1pqpkp2/p3pr2/P1P5/6np/2N4N/1P2BP1K/2R3R1 w - - 19 31,h2g2 f6f2 h3f2 c7g3 g2f1 g3f2,2656,long mate matein3 middlegame sacrifice
RMxmd,5Q2/p7/P4p1k/2p3q1/2PpB2p/3P2Pb/7P/6K1 b - - 1 39,h6h5 f8e8 h5g4 e4f3 g4f3 e8e4,2654,attraction endgame long mate matein3 sacrifice
RQ5WV,5Nk1/4b1p1/1Q1p4/3Pp3/8/3q1P1b/PP1N1K1p/R3R3 w - - 2 29,f8g6 h2h1n e1h1 d3d2 f2g3 d2g2,2592,advancedpawn epaulettemate long mate matein3 middlegame promotion underpromotion
RzzG9,r4b1r/pp1kpppp/8/1N5n/8/2N1B3/PPP2PP1/2KR4 b - - 1 15,d7c8 b5a7 a8a7 e3b6 e7e6 d1d8,2510,long mate matein3 middlegame operamate queensideattack sacrifice
S7wGp,6Q1/prkq1r2/1p1R3p/2p1P3/2PP4/P3P3/6PP/6K1 b - - 4 33,d7e7 d6c6 c7c6 g8c8 b7c7 d4d5,2506,attraction endgame long mate matein3 sacrifice
SEDz2,r3k1r1/1pp2p2/p6p/4p2b/4P2q/1BP5/PP2RPP1/R2Q2K1 w q - 0 23,d1d5 g8g2 g1g2 h5f3 g2f1 h4h1,2516,attraction kingsideattack long mate matein3 middlegame sacrifice
SQS8P,6k1/pp1qnpB1/1n2p3/3pP2N/3P4/bP1Q1N1P/P4PPK/2r5 b - - 1 24,d7c8 h5f6 g8g7 d3h7 g7f8 h7h6,2540,kingsideattack long mate matein3 middlegame sacrifice
SeCK5,3r4/1p3ppp/1n2p3/1N6/8/1P1r2P1/P1R1RPP1/3k1K2 b - - 9 30,d8c8 b5a3 c8c2 e2e1 d1d2 a3b1,2587,endgame long mate matein3 quietmove sacrifice
SjORq,1nkrrb2/Q1pp4/1p5p/1Pq5/2N1p3/2P1R3/3N1PPP/R5K1 b - - 1 24,c5f5 a7c7 c8c7 a1a7 c7c8 c4b6,2570,attraction long mate matein3 middlegame queensideattack sacrifice
T9Gaa,7k/1p1r3p/8/5NQ1/p7/P1P5/b1q1KP1P/6R1 w - - 0 33,e2f1 c2d3 f1g2 a2d5 f2f3 d3f3,2655,dovetailmate endgame long mate matein3
TA6Iz,4k3/8/3p3n/3PpK2/1R2P3/8/5pr1/5R2 w - - 4 38,f5f6 h6g8 f6e6 g2g6 e6f5 g8e7,2544,cornermate endgame long mate matein3
TBQ3n,3r4/1p3rpk/p7/3B4/2Qn4/2N3P1/PP2Pq2/R2K4 w - - 0 25,d5f7 f2g1 d1d2 d4b3 d2c2 b3a1,2727,discoveredcheck doublecheck long master mate matein3 middlegame
TSQRu,5rk1/pb3q2/1p5p/6p1/4N2n/2PQ4/PP4rP/1BR1R2K b - - 3 28,f7f4 e4f6 f8f6 e1e8 f6f8 d3h7,2533,clearance exposedking kingsideattack long mate matein3 middlegame sacrifice
TVGng,6R1/1k6/p3B2p/1P6/3pNr1r/P3nn2/1PP4P/R1B3K1 w - - 1 33,g1f2 f3g1 f2e1 f4f1 e1d2 f1d1,2727,discoveredattack discoveredcheck exposedking hookmate long mate matein3 middlegame
ToV24,5K2/ppQ3pk/5r1p/4p3/4PPq1/P5P1/1P6/2R4R w - - 1 40,f8e8 g4e6 c7e7 f6f8 e8f8 e6g8,2545,attraction endgame long mate matein3 pin sacrifice
U1OnG,4r3/5p1p/P2k4/3p4/2p1n3/2PKB3/2P2PPP/R5R1 w - - 0 26,d3d4 e4g3 e3f4 d6c6 f2f3 g3e2,2536,defensivemove endgame long mate matein3 quietmove
U1UzY,5r1k/6pp/8/3Q4/2B5/P3q1rP/1P4PK/R6R w - - 0 29,a1e1 g3h3 g2h3 e3f4 h2g1 f4f2,2556,long mate matein3 middlegame sacrifice
URRhI,r4r1k/5p2/p2p4/1p1P1p2/P1p4q/2NnQR2/1P5P/1K4R1 b - - 3 31,f8g8 e3d4 h4d4 f3h3 d4h4 h3h4,2540,exposedking kingsideattack long master mate matein3 middlegame sacrifice
UV4ir,3r4/1b1n2p1/2p1p1p1/pp1pN1R1/3Pk3/2P4N/PP1K1P2/8 b - - 2 31,d7e5 d2e2 e5f3 g5g4 e4f5 g4f4,2537,endgame long mate matein3
Ug5lh,2QR4/5kp1/1p6/pP5K/P7/7P/4qbP1/8 w - - 1 42,c8g4 e2e5 g4g5 g7g6 h5h6 e5g7,2523,endgame long mate matein3
UnLvt,6k1/1p1N2p1/p1nb1pp1/3p4/3P2P1/PP3Q1P/1B1K1P2/1q6 w - - 3 33,d2c3 d6b4 a3b4 b1e1 c3c2 c6b4,2607,deflection endgame long mate matein3 sacrifice
UoWK5,6r1/3R4/1p3p2/p1b3p1/5nK1/P1N1k3/1P1R4/8 b - - 3 40,g8h8 d7d3 f4d3 d2e2 e3d4 e2e4,2530,endgame hookmate long mate matein3 sacrifice
VADIw,r5k1/ppnb2bp/3p2q1/2pP2BB/4P3/P1Nn2Q1/1P2Kr2/R5NR w - - 0 20,e2d3 g6e4 c3e4 d7b5 d3e3 g7d4,2548,long mate matein3 middlegame sacrifice
VKbE7,6k1/1b4pp/p6q/1p3p2/3r1NK1/2Q3P1/PP5P/3RR3 w - - 0 28,g4f5 d4f4 g3f4 h6g6 f5e5 g6f6,2515,long mate matein3 middlegame sacrifice
W797d,1q3K2/4PQpk/7p/5P2/3q2P1/8/6P1/8 w - - 2 62,e7e8q b8b4 e8e7 d4d8 f7e8 b4e7,2504,endgame long mate matein3 pin queenendgame
WFZdl,1k1qr3/pr5p/2Q4B/N1pp1p2/P7/3P4/5PPP/4b1K1 b - - 4 30,d8a5 c6e8 b8c7 h6f4 c7b6 e8e6,2561,endgame hangingpiece long mate matein3 queensideattack
WS38i,r4rk1/pp4pp/2b5/3Np2q/1Q1pP3/P6P/1P1B1nP1/R4RK1 b - - 3 22,f2e4 b4f8 a8f8 d5e7 g8h8 f1f8,2567,backrankmate deflection long mate matein3 middlegame sacrifice
WUMyk,r5k1/1b1p1p1p/1q1p1Qp1/2pP2N1/2n5/1P6/P4PPP/4R1K1 b - - 1 23,a8f8 g5f7 f8f7 e1e8 f7f8 f6f8,2750,kingsideattack long master mate matein3 middlegame sacrifice
WVaZM,1rbk1br1/3pn2p/p2N1qp1/1pQ3p1/8/3R4/PPP2PPP/4R1K1 b - - 1 23,e7c6 c5b6 b8b6 e1e8 d8c7 e8c8,2623,long master mate matein3 middlegame sacrifice
WcAkK,r6k/pp4b1/3p3p/3Np3/2PnB2q/P4P1b/1P1Q1P1K/R6R w - - 0 25,h2g1 d4e2 d2e2 h4g5 g1h2 g5g2,2542,epaulettemate kingsideattack long master mate matein3 middlegame sacrifice
WnjmJ,5rk1/p2r2pp/1pp5/2KnN3/8/3bPN2/P4PPP/2R4R w - - 0 24,c5c6 f8f6 c6d7 d3f5 d7e8 f6f8,2639,long mate matein3 middlegame pillsburysmate sacrifice
X3gYa,3r4/ppk2B2/2p5/2b1p3/4Pn2/2P3Rb/PP1N4/R1B4K w - - 0 24,f7b3 d8h8 g3g7 h3d7 g7h7 h8h7,2529,discoveredattack discoveredcheck exposedking long mate matein3 middlegame pillsburysmate quietmove
X89hT,1r6/3r1p2/7p/1pp4P/2PpkRP1/1P4K1/8/3R4 b - - 0 43,e4e3 f4f3 e3e2 f3f1 d4d3 f1e1,2512,blindswinemate endgame long mate matein3 rookendgame
XGpvl,6R1/1pNr4/k6p/2P4q/1p2Q3/1Pb5/P3p3/1K6 b - - 7 47,d7c7 e4e6 c7c6 g8a8 a6b5 e6c4,2701,endgame exposedking long master mate matein3
XGwZ5,5rk1/p5p1/2p3Qp/8/3B1qP1/2P2P2/PP2r1K1/R6R w - - 9 32,g2h3 f4h2 h1h2 f8f3 h3h4 e2h2,2668,deflection discoveredattack long mate matein3 middlegame sacrifice
XSGbm,r1b2bQ1/ppq1k3/2p3p1/3pN3/3P4/2N4P/PPP2P2/6K1 b - - 1 25,c8f5 g8f7 e7d6 c3e4 d5e4 e5c4,2586,exposedking long mate matein3 middlegame sacrifice
XTW4M,r2kr3/pR1n1ppp/n1B1b3/8/2pQ4/q1Pp4/P4PPP/4RK2 b - - 4 20,a3c5 d4d7 e6d7 b7d7 d8c8 e1e8,2513,deflection exposedking long mate matein3 middlegame pillsburysmate sacrifice
XecrQ,3RN3/1pp2p2/6k1/1P4n1/2P5/4b1PK/5qB1/Q7 w - - 7 43,h3h4 f2f4 g3f4 e3f2 h4g4 f7f5,2537,clearance long master mate matein3 middlegame sacrifice
XnwFZ,6Q1/2qr4/p3kp2/4rN2/5p2/P1P2R1P/1P4PK/8 b - - 2 46,e6f5 f3f4 f5f4 g8g3 f4f5 g3g4,2553,attraction dovetailmate endgame long mate matein3 sacrifice
XquDK,7k/p5p1/3N1p2/7n/3P2qN/6Pp/P3rQ1P/5RK1 w - - 2 37,f2f5 g4g3 h2g3 h3h2 g1h1 h5g3,2592,advancedpawn long mate matein3 middlegame sacrifice
Y0DWW,8/8/8/5KRk/5p2/5P1p/6Pr/8 b - - 1 61,h5h4 g2g3 f4g3 f5g6 g3g2 g5g4,2640,endgame long master mate matein3 rookendgame
Y38w2,8/1p6/p3r3/5pp1/4q3/P3PkP1/1P1p1PQK/4R3 b - - 1 43,f3g4 g2h3 g4f3 g3g4 f3f2 h3f1,2638,discoveredattack discoveredcheck endgame long mate matein3
Y7cT7,5r1k/6b1/3p2p1/1Np4p/P1QpP1q1/1P6/3B1K2/3R1R2 w - - 2 27,f2e1 g4h4 e1e2 h4e4 d2e3 e4e3,2533,exposedking long mate matein3 middlegame swallowstailmate
Y9uck,5rk1/p3bppp/2Q1p2q/3pP3/3P4/2N1PBPP/Pr2K3/R6R w - - 0 18,e2d3 h6e3 d3e3 e7g5 e3d3 b2d2,2525,attraction long mate matein3 middlegame operamate sacrifice
YBN2H,3k3r/pp1P2p1/6p1/P1Pp4/5q2/3B3r/2Q2PP1/R4RK1 w - - 1 24,g2h3 f4g5 g1h2 g5g4 f2f3 h8h3,2658,endgame long mate matein3 pin
YCGmX,4r1k1/2p3p1/p1p5/3p4/2K5/P3qP2/1PP5/R2Q3R w - - 0 34,c4b4 e3b6 b4c3 b6c5 c3d2 c5e3,2560,dovetailmate endgame long mate matein3
YP3S9,2r3k1/1p4p1/p1q1P3/2p2K1p/2P3nP/1Q4P1/PP6/3RR3 w - - 0 39,e6e7 g7g6 f5f4 c6f6 f4e4 f6f5,2512,endgame long mate matein3
YWnK6,3q3k/1Q3p1p/4pP2/RPp1Pn1B/6R1/3K4/1P4PP/4r3 w - - 1 29,d3c3 e1c1 c3b3 d8d1 b3a2 c1a1,2502,exposedking long mate matein3 middlegame
YZ6tb,r5r1/1p1kb1q1/p1n1R1B1/3pPQ2/3P4/8/PP4PP/2R3K1 b - - 2 23,a8f8 e6c6 f8f5 e5e6 d7d8 c6c8,2575,discoveredattack discoveredcheck exposedking long mate matein3 middlegame sacrifice
Yak5u,2r1k2r/1b1p1p2/p3pp1p/1p6/4P3/PBNQ1P1q/1PP5/3R1R1K w k - 2 21,h1g1 h3g3 g1h1 g3h4 h1g1 h8g8,2512,exposedking kingsideattack long mate matein3 middlegame
YchWl,8/6pk/p3P1p1/1p1Q4/5q2/2P5/PPKR2P1/4r3 w - - 1 34,d5d6 f4e4 d2d3 e4a4 b2b3 a4a2,2553,endgame long mate matein3
Ys7o5,2q3k1/2r2p2/5P1p/7P/2p2QpP/8/1p6/4R1K1 b - - 5 41,c4c3 e1e8 c8e8 f4g4 g8h8 g4g7,2534,deflection endgame long mate matein3 sacrifice
ZITWy,r3r2k/pR4bp/2p1b1pN/8/2P2B2/6Pq/P4P1P/2QB2K1 w - - 3 26,b7g7 h3f1 g1f1 e6h3 f1g1 e8e1,2632,attraction kingsideattack long mate matein3 middlegame pillsburysmate sacrifice
ZSOW3,N1b4r/3k1p1p/3p3b/p3p3/1K1nq3/N7/PPP3PP/R2Q1B1R w - - 0 19,b4c3 d4e2 f1e2 e4b4 c3d3 b4d4,2507,clearance exposedking long mate matein3 middlegame sacrifice
ZYz9R,r3k2r/ppq2ppp/2p1p3/2b5/6n1/3B1n1N/PPPQ1PP1/RNB1R1K1 w kq - 2 14,g2f3 c7g3 g1f1 g4h2 f1e2 g3f3,2519,kingsideattack long mate matein3 middlegame pin
Zadjk,2krNR1r/pp1n3p/2p1Q1p1/q3P3/3P4/2P5/P1P3PP/1R5K b - - 0 21,h8f8 e6c6 b7c6 e8d6 c8c7 b1b7,2541,hookmate long mate matein3 middlegame queensideattack sacrifice
ZcosF,1R6/p1r3p1/k1p2p1p/N4n2/KP6/4p2P/6P1/8 b - - 1 50,e3e2 a5b3 c7b7 b3c5 a6b6 b8b7,2555,endgame exposedking fork hookmate long mate matein3 quietmove
Zix5u,2krr3/ppp3pp/5n2/2b2b2/2N2P2/2P5/PP2B1PP/R1B1K2R w KQ - 6 15,b2b4 e8e2 e1e2 f5g4 e2f1 d8d1,2548,attraction exposedking long mate matein3 middlegame sacrifice
aBDCo,5r2/2Q1n2k/p2p2p1/P3prqp/1PN5/2PPP2P/6PK/R6R w - - 1 25,c4d6 g5g2 h2g2 f5g5 g2h2 f8f2,2668,attraction epaulettemate long mate matein3 middlegame sacrifice
aR6J3,8/pb2Q1k1/1p3p2/2p1p3/2P1q2n/2P1B2P/P3B1P1/6K1 b - - 3 30,g7g6 e2h5 g6h5 e7f7 e4g6 g2g4,2539,attraction endgame long mate matein3 sacrifice
ahizM,1R6/6p1/4p2p/3k3P/6P1/2r2KN1/8/8 w - - 3 50,f3f4 g7g5 h5g6 e6e5 f4f5 c3f3,2614,endgame long mate matein3
ajR2C,7Q/2p1kppp/4p3/3pN3/3Pn3/b3P1B1/Prq2PPP/R4K1R w - - 4 18,h8g7 e4d2 f1e1 d2f3 g2f3 c2e2,2550,clearance long mate matein3 middlegame sacrifice
b4yqE,2k4r/1p2bpp1/pP1p2p1/2pPP3/5P2/2N2Qn1/1P3KR1/R1B2q2 w - - 8 24,f2g3 h8h3 g3h3 f1h1 g2h2 h1f3,2595,attraction long mate matein3 middlegame sacrifice
bB1sv,8/p5pp/bp3k2/3p4/3R4/P5PB/1Pr2r1P/4R1K1 b - - 3 28,f2h2 e1e6 f6f7 d4f4 f7g8 e6e8,2589,endgame exposedking long mate matein3
bXhyA,7k/ppp2p2/2np4/4p3/2B1P2b/2PPKP1N/PP1N3r/R7 w - - 6 21,h3g1 h4g5 f3f4 e5f4 e3f3 c6e5,2560,long mate matein3 middlegame
bfMyX,4r1k1/6r1/5p1R/p2NqP2/P1QpP1K1/1Pp5/2P5/4R3 w - - 1 36,g4f3 e5g3 f3e2 g3g2 e2d1 g2d2,2541,long mate matein3 middlegame
bhkPf,4k3/5b1r/1pn2R2/p3pQB1/2q1P3/7P/P5PK/8 b - - 7 42,h7g7 f6f7 c4f7 f5c8 c6d8 c8d8,2551,attackingf2f7 exposedking fork long mate matein3 middlegame sacrifice
cBMqU,4r1k1/pQp2ppp/8/8/6n1/PP1Pq3/6PP/R4R1K w - - 2 20,a1a2 e3f4 f1f4 e8e1 f4f1 e1f1,2752,clearance endgame long mate matein3 sacrifice
cbWcq,1r6/1p1k4/2bp1p2/p7/6r1/3Q4/PP3P2/2R2RK1 w - - 0 31,g1h2 g4g2 h2h3 b8h8 d3h7 h8h7,2619,endgame exposedking long mate matein3
ci806,8/1p6/1r2p3/1k6/1P6/1KP4r/4R3/3R4 b - - 2 61,b5a6 e2a2 a6b5 a2a5 b5c6 a5c5,2534,endgame exposedking long mate matein3 rookendgame
cmJm4,4r1k1/2pR2pp/2n4P/pp2qp2/5N2/2P3Q1/PP4P1/1K6 b - - 0 28,g7g6 g3g6 h7g6 h6h7 g8h8 f4g6,2527,advancedpawn endgame intermezzo long mate matein3 sacrifice
csjxm,5b2/1P6/2k2r2/Q3pn2/6P1/5nKP/2Pr4/R7 w - - 5 44,g3f3 f5d6 f3g3 d6e4 g3h4 f6h6,2563,anastasiamate discoveredattack discoveredcheck endgame long mate matein3
d3OjH,3r1r1k/p3q2p/1p3pnB/1PbB3Q/2Pp4/5R2/6PP/RN4K1 w - - 0 26,h6f8 d4d3 g1h1 e7e1 f3f1 e1f1,2686,discoveredattack discoveredcheck kingsideattack long mate matein3 middlegame
d9mvY,6rk/p3RQ1p/2p4p/2q5/4PP2/4K3/P1P4P/8 w - - 1 34,e3d2 c5d4 d2e2 g8g2 e2f3 d4f2,2566,endgame long mate matein3
dIuDV,5r1k/pQ4p1/3p2qp/5r2/1P1B2n1/2P4n/P2N1PPP/4RRK1 w - - 5 23,g2h3 g4f2 b7g2 g6g2 g1g2 f5g5,2602,discoveredattack discoveredcheck epaulettemate kingsideattack long mate matein3 middlegame
dVHaE,8/p1QN2k1/1pB4p/1Pp5/5Kp1/4n1P1/P4q1P/8 w - - 0 34,f4e5 e3c4 e5d5 f2f7 d5e4 f7f3,2626,endgame long mate matein3
db33a,r6r/R2bqp2/Qnk1p3/1p1pP1p1/1PpP1P2/2P3p1/4B1NP/R5K1 b - - 3 27,d7c8 a6b5 c6b5 a1a5 b5c6 b4b5,2634,attraction long mate matein3 middlegame sacrifice
dr9VK,Q7/2R3pk/1P1p3p/4ppq1/Q4n2/B5KP/5n2/8 w - - 1 40,g3f3 g5g2 f3e3 f2g4 h3g4 g2e2,2593,clearance exposedking long master mate matein3 middlegame sacrifice
dx206,8/8/1R5p/p2rp3/P4pPk/1P3P1P/2rpK3/3R4 b - - 2 39,h4h3 e2f2 h3h4 d1h1 h4g5 h1h5,2570,endgame long mate matein3 rookendgame
e3phd,r6k/1p3p1P/4p1p1/r2NQ1B1/1b6/8/P1p2PP1/1qR3K1 b - - 2 39,h8h7 d5f6 h7h8 e5h2 h8g7 h2h6,2568,long mate matein3 middlegame
eMEjG,4Q3/2Q2R2/2n4p/2k1p2P/8/8/4BK2/6qr w - - 1 40,f2f3 h1h3 f3e4 g1b1 e2d3 b1d3,2563,exposedking long master mate matein3 middlegame
emFmg,r4br1/pR6/5kp1/1BP1nn1p/5P2/8/PPP4P/2K1R3 b - - 0 23,e5g4 e1e6 f6e6 b5c4 e6f6 b7f7,2514,attraction long mate matein3 middlegame operamate sacrifice
epkv5,r2r3R/1ppbkp2/p4Np1/4Q3/8/q1p5/P4PP1/1K1R4 b - - 5 27,d7e6 h8e8 d8e8 f6d5 e7f8 e5h8,2533,collinearmove long mate matein3 middlegame sacrifice
ergkn,4r3/r3PR2/p1p3p1/2b5/6kP/2P3P1/PP3PK1/4R3 b - - 2 36,a7e7 e1e5 e7e5 f2f3 g4h5 f7h7,2676,collinearmove endgame long mate matein3 sacrifice
f7zny,7k/8/p2bNp1p/1p3P1Q/6K1/7R/4q3/8 w - - 9 45,g4h4 e2e1 h4g4 e1e4 e6f4 e4f4,2526,endgame long mate matein3 swallowstailmate
fPFGh,r2b1rk1/5p1p/q1n1b2Q/p4P2/P7/1pP1B2P/1P3PP1/3RR1K1 b - - 0 29,e6f5 h6f8 g8f8 e3h6 f8g8 e1e8,2581,attraction kingsideattack long mate matein3 middlegame pillsburysmate sacrifice
fkRP1,r2qnr2/pp1b1kp1/4pp1P/4B2Q/3P4/3pP3/PP3P1P/R3K1R1 b Q - 3 19,f7e7 g1g7 e8g7 e5d6 e7d6 h5c5,2548,attraction long mate matein3 middlegame sacrifice
fmQqD,6k1/ppp1NpBp/1b1p2n1/3P2Q1/qP3PP1/P3r3/6KP/8 b - - 8 29,g8g7 g5h6 g7h8 e7g6 f7g6 h6f8,2659,deflection endgame long mate matein3 pin
fmyBR,1r6/p2Q2p1/5p2/2qkr3/3pR3/1P4RP/P4P2/6K1 b - - 5 34,d5e4 g3e3 d4e3 f2f3 e4f4 d7g4,2539,endgame long mate matein3 sacrifice
fud7h,1r6/p2b1N2/4p3/3pR3/P1p3k1/2r3P1/5P1K/R7 b - - 2 38,b8f8 f2f3 g4f3 a1f1 f3g4 e5g5,2585,attraction endgame long mate matein3
gKcm1,1r4k1/4n3/6PR/1K1p1b2/2pb4/8/1B1Q4/3R4 w - - 6 37,b5a6 b8a8 a6b7 a8a7 b7b8 e7c6,2700,cornermate long mate matein3 middlegame
gRgLC,8/6Q1/8/6kP/2P5/6N1/5PPK/qq6 b - - 2 51,g5f4 g3e2 f4f5 g7g6 f5e5 f2f4,2543,endgame long mate matein3
gSyqI,r3q3/ppk5/1n3b2/4n3/4B1b1/2N2N2/PPQ1KPP1/R7 b - - 3 26,e5f3 c3d5 c7d6 c2c7 d6e6 d5f4,2592,discoveredcheck doublecheck long mate matein3 middlegame
gqB7z,2r1r1kb/7p/3p2pB/q2NnbN1/p1P2QP1/P7/3K1P2/4RB1R w - - 1 25,d2d1 a5e1 d1e1 e5f3 e1d1 e8e1,2614,attraction discoveredcheck doublecheck exposedking long mate matein3 middlegame pillsburysmate sacrifice
hBFXM,8/pp6/3k1r2/3pp3/8/3B2Q1/Pq2K1PP/R6R w - - 2 24,e2e3 d5d4 e3e4 b2g2 g3g2 f6f4,2607,endgame exposedking long mate matein3 sacrifice
hIAIB,r4bk1/7p/6p1/1p1rNb2/1K3B2/2Pn1B1P/PP4P1/RN5R w - - 9 32,b4b3 d3c5 b3b4 c5b7 b4b3 b7a5,2589,discoveredattack discoveredcheck long mate matein3 middlegame
hZnb5,2bRrbk1/1p3p2/7p/p1q1B1p1/P1p1B1P1/2P2QKP/1P6/4R3 b - - 0 35,e8d8 e4h7 g8h7 f3f7 f8g7 f7g7,2546,attraction deflection kingsideattack long mate matein3 middlegame sacrifice
hzM1v,6rk/pb4r1/1p2p2p/3pR3/2pP1qP1/2P2p1P/PPQ2P1K/1B2R3 w - - 2 31,h2g1 f4g4 h3g4 g7g4 g1f1 g4g1,2710,kingsideattack long mate matein3 middlegame sacrifice
i4I1G,r4n2/1p3p2/2p1p1kR/8/p1P2P2/P1Br4/1P4K1/7R b - - 6 36,g6f5 h6h5 f5e4 h5e5 e4f4 h1h4,2548,endgame long mate matein3
iJOxB,5r2/pp1b1kq1/3p2B1/2pNr2R/2P5/PP2Ppn1/2QK4/7R b - - 3 28,f7g8 h5h8 g7h8 g6h7 g8f7 c2g6,2501,exposedking kingsideattack long mate matein3 middlegame sacrifice
iKEER,8/p3Q2p/1b4p1/3B1pk1/P7/7P/1r1q4/5R1K b - - 4 33,g5h5 f1f5 g6f5 d5f7 h5h6 e7f6,2675,endgame long mate matein3 sacrifice
ivO5s,2r5/p2k2pp/3Pp3/1p2Kp2/5P2/P1PR2PP/1P6/8 w - - 1 37,a3a4 c8c4 d3e3 c4c5 e5d4 c5d5,2582,endgame long mate matein3 rookendgame
jAsAT,8/1Q4pk/2p5/p6K/1P3PPP/q7/8/8 w - - 0 44,b4a5 a3d6 b7b1 g7g6 h5g5 d6e7,2503,endgame long mate matein3 queenendgame
jktCt,6k1/pp3p2/5PNp/3q4/1n1p2Q1/3P3P/1P4PK/4r3 b - - 1 30,d5d6 g6e5 g8f8 g4c8 d6d8 c8d8,2599,discoveredattack discoveredcheck endgame long mate matein3
jur4T,r1b2r2/pp2p1b1/1qnpk3/2p3p1/3PN1Q1/2P1P1P1/PP3PP1/R3K2R b KQ - 11 19,e6d5 e4f6 e7f6 e3e4 d5c4 g4e2,2597,long mate matein3 middlegame sacrifice
kHvXu,r2bR3/pp1b1pk1/2p1np1p/3p1N2/3P4/P1NB3P/1PP2PP1/6K1 b - - 5 21,g7h7 f5g3 f6f5 d3f5 h7g7 g3h5,2679,discoveredattack discoveredcheck long mate matein3 middlegame
kM3QX,3q3k/r6p/p1npQ3/1p1Npr1B/8/2P5/PP6/2K3R1 b - - 1 27,f5h5 d5e7 a7e7 e6f6 e7g7 f6g7,2511,long mate matein3 middlegame sacrifice
kcFH4,7r/r3Q2p/pk1RBp2/1p2q3/8/P3P3/1PP3PP/6K1 b - - 2 23,b6a5 e7c7 a7c7 b2b4 a5a4 d6a6,2597,collinear deflection endgame long mate matein3 sacrifice
kw3el,r4rk1/2p2pp1/p1b2q1N/3p4/p3p1QR/1P6/2P1K1PP/8 b - - 0 25,g8h8 h6f5 h8g8 g4g7 f6g7 f5e7,2620,discoveredattack discoveredcheck kingsideattack long mate matein3 middlegame sacrifice
l6XEw,3brr1k/ppp3pB/1n1q2Np/3b4/3P4/1P2BNnP/P1Q3P1/R4RK1 b - - 7 26,h8h7 f3g5 h6g5 g6f8 h7h8 c2h7,2573,doublecheck long mate matein3 middlegame
lHeAq,6R1/4pB1p/6pk/8/1n3PP1/7K/p6P/2r5 b - - 1 48,a2a1q h3h4 a1e5 g4g5 e5g5 f4g5,2694,endgame long mate matein3
lKWY3,1k1B3r/5p2/1p4P1/1N6/Pp1pB1qp/4n3/8/R3QRK1 w - - 2 29,g1f2 e3d1 e1d1 g4g3 f2e2 g3e3,2549,exposedking long mate matein3 middlegame sacrifice swallowstailmate
lOISJ,2kr1r2/1b5R/p6q/3p4/1P1N4/2PQb2P/1B2P1B1/7K b - - 2 26,h6g5 d3c4 d5c4 g2b7 c8b8 d4c6,2533,cornermate exposedking long mate matein3 middlegame queensideattack sacrifice
lTR6D,8/pp4kR/8/1b3rb1/1P1p1N2/2r3P1/3N1K2/7R b - - 1 35,g7f6 h1h6 g5h6 d2e4 f6e5 h7e7,2527,exposedking fork long master mate matein3 middlegame sacrifice
ldprv,4rbk1/2q2p1p/2b2p2/p2pPN2/2p5/1pP4Q/1P3PPP/1BR3K1 b - - 1 27,f6e5 f5e7 g8g7 h3g4 g7f6 e7g8,2605,kingsideattack long mate matein3 middlegame
lrjUw,r3r3/ppp3pp/3pN3/n2P1k2/6n1/5Q2/P4P2/q1B1R1K1 b - - 1 25,f5g6 e6f8 e8f8 f3g4 g6f7 g4e6,2768,dovetailmate exposedking long mate matein3 middlegame
ltJQ1,2R1Q3/4B1pk/7p/4p3/4n3/7P/5bP1/1q3K2 w - - 2 45,f1e2 e4g3 e2f2 b1f1 f2g3 f1f4,2680,dovetailmate endgame exposedking long mate matein3 sacrifice
m1VZk,4r3/ppp1q3/3p4/7p/2PBp2P/1P3kP1/P1P5/5QK1 b - - 2 42,f3g3 f1f5 e4e3 d4c3 e3e2 c3e1,2684,endgame long mate matein3 quietmove
m2kzY,3r4/2b5/1k3pp1/p1pKp1p1/P1Pp2P1/1N3PBr/1P4RP/7R w - - 8 31,d5e6 h3h7 e6f6 d8d6 f6e5 h7e7,2613,long mate matein3 middlegame sacrifice
m6b9u,8/5bq1/pQpk4/Pp1p1p2/4pPp1/6K1/2R5/8 b - - 3 52,f7e8 b6d8 e8d7 c2c6 d6c6 d8b6,2546,attraction endgame fork long mate matein3 pin sacrifice
mQ0jQ,3qk2r/1pp2pp1/1b1p3n/r3P1N1/P1B1P3/1Qp5/5pP1/RNB2K2 b k - 1 17,h6g4 c4b5 d8d7 b3f7 e8d8 f7d7,2604,attackingf2f7 long mate matein3 middlegame pin
mbHTs,8/pp1kr3/2p1p3/3pP3/3Pq3/P1P5/1P3QRr/6RK w - - 0 39,h1h2 e4h7 h2g3 e7g7 g3f4 h7e4,2713,endgame exposedking long mate matein3
mcit9,5b1r/pr2nRpp/2B1p3/k3P3/8/1P2B3/P4PPP/nN4K1 b - - 2 21,b7c7 f7f4 e7c6 f4a4 a5b5 b1c3,2790,cornermate long mate matein3 middlegame sacrifice
mft2m,r1bq3r/6b1/2p1knB1/1p1p2Bp/pQ1P3P/5P2/PPP3P1/2K1R3 b - - 1 19,e6d7 b4d6 d7d6 g5f4 d6d7 g6f5,2561,attraction long mate matein3 middlegame sacrifice
mko8t,r1b1Q1kr/pp1n1pbp/2pp1q2/8/2BP1B2/2N2P2/PPP1K3/6R1 b - - 3 20,d7f8 c3e4 f6f4 e8f7 f4f7 e4f6,2662,kingsideattack long mate matein3 middlegame pin sacrifice smotheredmate
mrVKo,8/5pp1/R4k1p/2r1p3/3Nn3/6PP/5PK1/8 b - - 1 37,f6g5 f2f4 e5f4 d4f3 g5h5 g3g4,2559,endgame long mate matein3
mvUDQ,r1b3kr/pp4p1/4p2p/1qbpQ3/3N1R2/2P5/PP4PP/5RK1 b - - 1 20,c8d7 e5g7 g8g7 f4g4 g7h7 f1f7,2590,attraction epaulettemate kingsideattack long mate matein3 middlegame sacrifice
n1DOU,8/2Q3p1/4pk1p/1N1q3P/3P2P1/2P1P3/n1KN1r2/2n4R w - - 5 38,c3c4 f2d2 c2b1 d5e4 b1a1 c1b3,2516,cornermate exposedking long mate matein3 middlegame
n9BaM,8/7P/2p5/1k2PR2/2p2P2/2K3R1/1Pr1r3/8 w - - 1 37,c3d4 c2d2 d4c3 c6c5 b2b3 d2c2,2636,endgame long mate matein3 quietmove rookendgame
nUujG,r1q3k1/5pb1/3P2p1/2B2b1p/1P3P2/4Q1PP/1r4B1/4RR1K w - - 1 30,g2a8 f5e4 a8e4 c8h3 h1g1 h3h2,2552,exposedking long mate matein3 middlegame sacrifice
nbG0T,2n5/1P3pkp/8/p5p1/P4n2/5BKr/R2R4/8 w - - 1 45,g3g4 g7f6 d2d6 c8d6 b7b8q h7h5,2560,endgame long mate matein3
nmXtN,6r1/ppp1Q2k/2q1b2P/3p1p2/1P3P2/P1N2Pr1/2K5/6R1 b - - 1 33,h7h6 e7f6 h6h7 g1h1 g3h3 h1h3,2531,exposedking long mate matein3 middlegame
nsO3S,3Q4/p4p2/4pBk1/Pq2P1p1/7p/5P1K/4r1PP/8 b - - 5 39,g6f5 d8g8 e2g2 g8h7 f5f4 h7e4,2643,endgame long mate matein3
ntqLu,rnb3nr/pppk2pp/3bQ3/6B1/2B1P3/8/P1P2PPP/qN2K2R b K - 1 11,d7c6 e6d5 c6d7 d5f5 d7c6 f5b5,2615,exposedking long mate matein3 middlegame
oCDfH,3r4/pkp1nppp/1pn5/1K1bP3/5P2/2P5/PP4PP/R1B3NR w - - 4 17,g1f3 d5b3 a2b3 d8d5 b5a4 d5a5,2686,clearance long mate matein3 middlegame sacrifice
oDu6o,4r1k1/1Qp2pp1/7p/8/3P2n1/1PP1q3/R5PP/5RK1 w - - 3 25,g1h1 e3f4 f1f4 e8e1 f4f1 e1f1,2545,clearance endgame long mate matein3 sacrifice
oZMRA,6r1/1R3p2/p2p1k2/3PpP2/3n2Br/4q1PK/P7/3Q1R2 w - - 0 26,h3h4 e3h6 g4h5 h6g5 h4h3 g5g3,2507,long mate matein3 middlegame
oeiS3,2r2rk1/pb3ppp/1p6/3n4/Q2B1P1b/1NP4P/PPq3PN/3R1RK1 w - - 9 21,a4d7 c2g2 g1g2 d5f4 g2g1 f4e2,2607,attraction discoveredcheck doublecheck kingsideattack long mate matein3 middlegame sacrifice
oltoH,8/1pk5/p1p2p2/1PPpb1p1/P2q2B1/3n1P2/3Q3R/7K b - - 0 41,e5h2 d2a5 c7b8 a5d8 b8a7 b5b6,2607,endgame long mate matein3
oo1Ws,r4r1k/5pp1/p1bRn2p/qp2P2N/6Q1/8/PP3PPP/3R2K1 b - - 10 28,a5c7 g4g7 e6g7 d6h6 h8g8 h5f6,2517,kingsideattack long mate matein3 middlegame sacrifice skewer
p8X1S,r7/1p3R1p/p4Np1/2p1n1Pk/P1n4P/8/1P1r2BK/5R2 b - - 2 35,h5h4 f1f4 h4g5 f6e4 g5h6 f4h4,2522,long mate matein3 middlegame
pPUCC,8/8/2p5/ppNp4/2kPb3/P1P5/1P1K4/8 b - - 3 37,a5a4 b2b3 a4b3 c5b7 b3b2 b7a5,2769,endgame long mate matein3 quietmove
pVHZi,r4r1k/pb3p1q/4pQ2/3p4/5P2/5R2/P1p4P/2R4K b - - 2 28,h7g7 c1g1 g7f6 f3h3 f6h4 h3h4,2576,exposedking long mate matein3 middlegame sacrifice
pk4Ii,7k/1p1r1b1P/2p2R2/p3ppQ1/4q1p1/P5P1/1P6/K1N5 b - - 1 33,e4d5 f6h6 d7d6 g5g7 h8g7 h7h8q,2667,advancedpawn attraction endgame exposedking long mate matein3 promotion trianglemate
prrOG,r3k2N/ppp3pp/8/3pp3/1nB2q2/2K5/PPPP4/RNBQ4 w q - 0 18,c3b4 a7a5 b4a3 f4f8 b2b4 f8b4,2524,fork long mate matein3 middlegame pin
q6td5,1r6/4Q2p/6pk/3R1p2/4p3/2P1P1bP/PP4Pq/1R3K2 w - - 9 35,d5f5 h2h1 f1e2 b8b2 b1b2 h1e1,2502,endgame long mate matein3 sacrifice
qLFJV,rn3rk1/ppq3pp/1np1Q3/6B1/2P5/3B3P/P5Pb/R3R2K b - - 0 21,g8h8 e6f5 f8f5 e1e8 f5f8 e8f8,2512,clearance kingsideattack long mate matein3 middlegame sacrifice
qMiPU,2k5/pp1r4/2p3Qp/2P1p1p1/1q6/1b2K1P1/PP2B1PP/5R2 w - - 0 31,a2b3 b4d4 e3f3 d7f7 g6f7 g5g4,2524,endgame exposedking long mate matein3 sacrifice
qNRrz,R5Q1/2qnkp2/4pr2/1P1p4/3P1N2/4P2B/1r3P1K/8 b - - 10 42,f6f4 a8e8 e7d6 e8e6 f7e6 g8e6,2519,epaulettemate long master mastervsmaster mate matein3 middlegame sacrifice xrayattack
qP8MN,3r1k2/5pbQ/1p1p2B1/1PpP2N1/2P2NbP/8/5PK1/4q3 b - - 2 44,e1e5 h7g8 f8g8 g6f7 g8h8 f4g6,2504,attraction long mate matein3 middlegame sacrifice
qjHPZ,rn1r4/2b1kp2/p1q1pNp1/1p1pP3/4NP1Q/P7/1PP3PP/3R2K1 b - - 1 27,d5e4 d1d7 b8d7 f6d5 e7f8 h4h8,2787,collinear discoveredcheck doublecheck long mate matein3 middlegame sacrifice
qyVxR,6k1/B5p1/2p3qp/3p3r/5p2/P1P2PrP/1P1QR1P1/5R1K w - - 7 29,h1h2 g3h3 g2h3 h5h3 h2h3 g6g3,2543,attraction long mate matein3 middlegame sacrifice
rEfQ5,7r/p2r4/PpNp2p1/1PnPpkPp/2P2p1K/5P2/4R3/4R3 b - - 1 51,h8e8 e2e5 d6e5 e1e5 e8e5 c6d4,2568,endgame long mate matein3 sacrifice
rO2An,8/5pkp/3R2p1/8/2NRP2P/2P2KP1/r7/5r2 w - - 10 37,f3g4 f7f5 e4f5 h7h5 g4g5 f1f5,2572,endgame long mate matein3
rihvY,r1r3k1/3np1Bp/3pN1pQ/1q1P1p2/4n3/8/P4PPP/5RK1 b - - 1 23,b5d5 g7f6 g8f7 h6g7 f7e6 g7e7,2623,epaulettemate kingsideattack long mate matein3 middlegame sacrifice
rj6bg,r2q3r/1p3Q1p/p1n2Rp1/2N1p3/3pk1P1/8/PPP4P/2K4b b - - 9 23,e4e3 f6f1 d8h4 f7b3 d4d3 b3d3,2539,killboxmate long mate matein3 middlegame
saT5n,4n1k1/5Qp1/p3p2p/1b1pNp1N/1b1P1P1P/4q3/6PK/8 b - - 3 31,g8h7 f7g7 e8g7 h5f6 h7h8 e5f7,2513,long mate matein3 middlegame sacrifice
sdFD7,8/1P4k1/2R1B1p1/2pPp2p/4Pq1K/1P1Q3P/6P1/7r w - - 4 48,g2g4 f4f6 g4g5 f6f4 e6g4 f4g4,2663,endgame epaulettemate long mate matein3 pin
sjKHj,Qnkr3r/2p2pb1/1B1p3p/3P3n/R1P1P1b1/2q2N2/3N3P/1R4K1 b - - 0 22,g4f3 a8b7 c8b7 a4a7 b7c8 a7c7,2585,attraction epaulettemate long mate matein3 middlegame operamate queensideattack sacrifice
smb8p,r3r2k/4n3/b4R2/p1b1p1pN/Pp1pP3/1P1P3B/1B5P/6K1 b - - 2 31,a6d3 f6h6 h8g8 h3e6 g8f8 h6f6,2581,exposedking kingsideattack long mate matein3 middlegame pillsburysmate
svfRc,4rk2/pQ3p2/7p/3p2p1/6bN/2P3Pq/P1B2P1P/5RK1 w - - 0 29,h4f5 h3f1 g1f1 g4h3 f1g1 e8e1,2546,attraction long mate matein3 middlegame pillsburysmate sacrifice
swibB,3r4/4N3/1p3p1p/pP4k1/3rp1P1/4K2P/5N2/3R4 b - - 1 38,d4d1 h3h4 g5h4 e3f4 e4e3 e7f5,2560,endgame long mate matein3
t6eI9,r4brk/pp4p1/2p3QB/3pq1R1/4p3/7P/PPP2P1P/R3K3 b Q - 1 18,e5b2 g5h5 g7h6 h5h6 f8h6 g6h6,2527,kingsideattack long mate matein3 middlegame sacrifice
t8UTV,2r3k1/1b3RPp/p2p4/1p4P1/3QP1qP/P2P4/BP6/6K1 w - - 1 28,g1f1 c8c1 f1f2 c1c2 f2e1 g4e2,2539,endgame exposedking long mate matein3
tEJq8,8/kbp5/1p2B3/p2n4/8/4PqPQ/PP3P1B/R4RK1 w - - 0 31,h3g2 f3g2 g1g2 d5f4 g2g1 f4e2,2644,attraction discoveredcheck doublecheck long mate matein3 middlegame
tnJbU,6k1/2R4p/3B2p1/4P1N1/P1bbBPn1/6P1/1r4KP/8 w - - 5 35,g2h3 b2h2 h3g4 h7h5 g4f3 c4e2,2527,long mate matein3 middlegame sacrifice
u3ecG,r4rk1/pp3ppp/3p4/3PpPB1/1P1n2n1/P5P1/2P1Nq1P/R1QK1B1R w - - 3 20,h2h3 f2e1 d1e1 d4f3 e1d1 g4f2,2689,attraction long mate matein3 middlegame sacrifice
u3pC6,r3n1k1/pp2qrPQ/3p4/3PpP1N/1P2P3/P4B2/5P2/R3K2R b KQ - 0 27,g8h7 h5f6 h7g7 h1g1 g7f6 g1g6,2627,discoveredcheck doublecheck epaulettemate exposedking long mate matein3 middlegame sacrifice
u4jjF,1r3rk1/4bppp/2pq4/3p2P1/p1p4P/P1P1B3/KPPQ1P2/3R3R w - - 4 21,e3f4 b8b2 a2b2 f8b8 b2a1 d6a3,2622,attraction deflection long mate matein3 middlegame sacrifice
uAeTC,5R2/8/1p4kp/5R2/1p1B1Pp1/5r2/r7/4K3 b - - 7 49,f3h3 f5g5 h6g5 f4f5 g6h7 f8h8,2570,endgame long mate matein3 operamate sacrifice
uHme1,3r3k/1bq5/p6p/1pb3p1/6B1/1Q1p2PP/PPP2N1K/R3R3 w - - 0 32,c2d3 c7g3 h2g3 c5d6 e1e5 d6e5,2521,attraction long mate matein3 middlegame sacrifice
ueVwW,8/1k6/1r5P/2n2p2/2p1p3/2BbP3/5P2/2K3RR w - - 1 43,c3g7 c4c3 g7c3 b6b1 c1d2 c5b3,2504,endgame exposedking long master mate matein3
unmYA,3r4/p3r3/1p1N1p1p/kP6/3pbB2/P7/5K1P/2R5 b - - 2 37,f6f5 c1c4 d8d6 a3a4 d4d3 f4d2,2544,endgame long mate matein3 quietmove sacrifice
v2jeB,2R2R2/6rp/pr1p2p1/1p1P4/1k6/2P5/1K5P/8 b - - 0 55,b4a4 f8f1 b5b4 f1a1 a4b5 c3c4,2589,endgame long mate matein3 quietmove rookendgame
v7QBl,r3k2R/pp2qp2/2nb4/3NpbP1/4p3/1N4n1/PPP2PP1/2KR1B2 b q - 0 18,e8d7 b3c5 d6c5 d5b6 d7c7 b6a8,2581,discoveredcheck doublecheck exposedking long mate matein3 middlegame sacrifice
v84hT,5rk1/1pp2pN1/p1n4p/7Q/1P3p1P/PB2qK2/1BP1r3/3R3R w - - 1 29,f3g4 e3g3 g4f5 c6e7 f5f6 g3g7,2542,long mate matein3 middlegame
vZBVo,rn1r4/p1R3p1/kp1bbn1p/3q4/P7/1P6/1B2QPPP/5RK1 b - - 2 22,a6a5 c7c5 d5c5 b2c3 c5c3 e2b5,2701,long mate matein3 middlegame sacrifice
vgbrp,1k6/ppr2pp1/8/4B3/4K3/1Q4P1/PPPrq1B1/R4R2 w - - 8 32,b3e3 e2g4 e3f4 f7f5 e4e3 g4e2,2595,long mate matein3 middlegame pin
viYJI,1N6/5ppk/3B4/3Pp2p/4Pn2/4nPKP/4r3/6R1 w - - 1 40,d6e5 g7g5 h3h4 e3f1 g1f1 e2g2,2568,endgame hookmate long mate matein3 quietmove sacrifice
vlJLj,B4k2/p1p2p2/8/3Q4/3p2p1/1N5r/PPq2PKb/R1B2R2 w - - 0 22,f1h1 h3g3 g2h2 c2f2 d5g2 g3h3,2519,deflection long mate matein3 middlegame pin sacrifice
vlPld,2rr4/1bqkb3/p7/1p3QP1/2P5/1PN1Bp2/P6P/6K1 b - - 4 30,d7d6 c3b5 a6b5 e3f4 d6c6 f5b5,2749,exposedking intermezzo long mate matein3 middlegame sacrifice
vpILH,1r6/2p2p1k/7p/1NqPp1b1/p1Pn4/3P2Q1/P4P1P/KR4R1 w - - 1 33,g3e5 d4c2 a1b2 c5b4 b2c2 b4d2,2555,long mate matein3 middlegame sacrifice
vyXNc,2b3k1/1p3p1p/6p1/3ppPP1/2pP2KN/r3r3/1p2B3/1R3Q1R w - - 1 35,d4e5 h7h5 g5h6 e3g3 g4f4 g6g5,2609,long mate matein3 middlegame
w3Adz,2r4r/p4pk1/1p1qp1p1/3p4/2nP4/P1PQ2RP/2B5/5RK1 b - - 5 31,c4a3 d3g6 f7g6 g3g6 g7h7 f1f7,2581,long mate matein3 middlegame sacrifice
w4l7V,k7/1p1Q1p1p/p3p3/4B3/1bNK2r1/4P3/2q4P/R6R w - - 4 31,e5f4 g4f4 e3f4 c2c3 d4e4 f7f5,2731,long mate matein3 middlegame sacrifice
w9OYt,5k2/pp3pp1/5np1/5nN1/1PP3qP/P2Q2P1/3BpPK1/3rR3 w - - 8 30,e1e2 f5h4 g2h2 g4h3 g5h3 f6g4,2510,long mate matein3 middlegame pin sacrifice
wZ4Lk,4R1b1/1Q6/2pp1k1q/8/8/2N4n/PP4P1/6K1 w - - 0 44,g1f1 h6c1 f1e2 g8c4 e2f3 c1f4,2559,endgame long mate matein3
wZcx6,3R1nk1/5ppp/7q/5p2/7r/2N3Q1/P3BPP1/R5K1 w - - 6 30,f2f3 h4h1 g1f2 h6b6 d8d4 b6d4,2534,fork long mate matein3 middlegame
waBWX,8/4P3/p7/1p3R2/P1p2P2/2P5/Kr6/2k5 w - - 0 56,a2a3 b5b4 c3b4 c1b1 a4a5 b2a2,2607,endgame long mate matein3 rookendgame
wd4JU,rnbr4/1pp2Qp1/p1k5/8/4B3/B7/P1P3PP/b6K b - - 2 23,c6b6 f7b3 b6a7 b3b7 c8b7 a3c5,2602,doublebishopmate long mate matein3 middlegame sacrifice
woUnQ,8/2N1bk1R/1N4p1/p3p3/2K1P3/3P2n1/Prp5/8 b - - 1 40,f7f6 b6d7 f6g5 c7e6 g5g4 d7e5,2606,endgame long mate matein3
wtI8U,r2k3r/pp1b2pp/8/2p3N1/5Bn1/2Q5/PP3PP1/3qR1K1 b - - 1 23,d1d4 c3a5 b7b6 g5f7 d8c8 a5a6,2741,exposedking fork long mate matein3 middlegame
x0K9W,2rq1r1k/p2p2bp/1pn3P1/7R/2B1pB2/P7/1PPQN3/2K5 b - - 0 21,h7h6 h5h6 g7h6 f4e5 c6e5 d2h6,2592,discoveredattack exposedking kingsideattack long mate matein3 middlegame sacrifice
xOa3w,rnbq2nr/pppk2pp/3bQ3/8/2B1p3/8/PPPP1PPP/RNB1K2R b KQ - 7 8,d7c6 e6d5 c6d7 d5f5 d7c6 f5b5,2545,exposedking long mate matein3 opening
xPBUM,r6R/p1p2R2/1p2pk2/3b2N1/5BK1/4P3/P4qP1/8 b - - 5 31,f6g6 h8h6 g6h6 g5f3 h6g6 f3e5,2525,cornermate discoveredattack discoveredcheck exposedking long mate matein3 middlegame sacrifice
xcaxx,2Q3R1/p4kp1/2p1p3/1p2n1P1/2PpN3/3P4/PPK1q1B1/8 w - - 10 37,c2b3 e2d1 b3b4 e5d3 b4a3 b5b4,2680,endgame long mate matein3
y7fxv,4R3/2p3k1/3b2pp/3B4/5P1N/r3n2P/1r4P1/2R3K1 b - - 5 42,g6g5 c1c7 d6c7 e8e7 g7f6 e7f7,2503,long mate matein3 middlegame operamate sacrifice
y9DVn,8/6p1/4p1k1/P1R1P3/4PK1p/r7/8/8 w - - 0 51,c5c6 g6h5 c6e6 g7g5 f4f5 a3f3,2560,endgame epaulettemate long mate matein3 rookendgame
yIQ2h,R7/2pk2p1/3p4/3Pb2p/Q1P1p1q1/4B1P1/1r3P1P/6K1 b - - 5 37,d7e7 e3g5 g4g5 a4e8 e7f6 e8e6,2509,endgame long mate matein3 sacrifice swallowstailmate
yNrhY,2k2r2/pp3Npp/5n2/2qNp3/2Bn2b1/8/PPPP1KPP/R1B2Q1R w - - 1 15,b2b4 f6e4 f2e3 d4f5 e3e4 c5d4,2591,discoveredcheck doublecheck long mate matein3 middlegame sacrifice
ySwWU,r4rk1/pp2bpp1/4pn1P/6N1/2q5/2Bp1Q2/PP3P2/2KR3R b - - 0 22,f6d5 f3f7 f8f7 h6h7 g8h8 g5f7,2531,advancedpawn kingsideattack long mate matein3 middlegame sacrifice
yVbRF,8/R7/5kp1/5p2/1P1prPPp/P2R1K1P/2r5/8 w - - 3 43,a7d7 e4f4 f3f4 c2f2 d3f3 g6g5,2553,attraction endgame long mate matein3 rookendgame sacrifice
ylbbr,5R2/1p2r1p1/p1b3p1/P2ppkP1/1P6/2P1PPB1/6K1/8 b - - 4 36,f5g5 g3f4 e5f4 e3f4 g5h6 f8h8,2518,endgame long mate matein3 sacrifice
ywofz,4k3/R7/2p1P3/B2b1K2/8/8/8/6r1 b - - 0 52,e8f8 a7a8 f8e7 a5b4 c6c5 b4c5,2539,endgame exposedking long mate matein3
yyKyJ,4R3/6kp/1p4n1/p4qp1/3b4/1Q3P1P/PP4K1/4B3 w - - 4 35,e1c3 g6f4 g2f1 f5d3 f1e1 f4g2,2686,endgame long mate matein3
yzrHm,3r1r1k/p7/2pq1p1Q/2p1p3/2P1P3/7P/PBP4P/R6K b - - 2 25,h8g8 h6g6 g8h8 g6h5 h8g7 a1g1,2600,endgame exposedking long mate matein3
z1K9V,2kr3r/2pq2pp/1Q6/3Pb3/8/8/P4PPP/1RR3K1 b - - 0 25,d7d6 c1c7 d6c7 b6a6 c8d7 a6e6,2617,long mate matein3 middlegame sacrifice
z6VS4,2kr3r/ppp2pp1/3b1n1p/3Pn1Nq/6b1/2N4P/PP2BPP1/R1BQ1RK1 w - - 0 13,h3g4 h5h2 g1h2 e5f3 h2h3 h6g5,2663,attraction discoveredattack discoveredcheck doublecheck kingsideattack long mate matein3 middlegame pillsburysmate sacrifice
zBU0Q,7r/5p2/4p1k1/4P1P1/5R1K/2r4P/R7/8 w - - 3 50,h4g4 f7f5 e5f6 c3h3 f6f7 h8h4,2665,blindswinemate endgame long mate matein3 rookendgame
zNIX5,r7/pp1R2p1/7k/3q1r2/5P2/1P4Q1/5R2/6K1 b - - 0 30,d5d7 f2h2 f5h5 h2h5 h6h5 g3g5,2538,attraction endgame exposedking long mate matein3
zOG7O,5R2/2pk1p2/4p3/3pPn2/3P1q2/2PQ1Nrp/1r3P1P/4R1K1 w - - 0 27,h2g3 f4g3 f2g3 b2g2 g1f1 f5g3,2541,long mate matein3 middlegame sacrifice
zSm4r,3r1b1r/ppN3pp/8/1Bk1p3/2Q5/2P5/Pq4PP/3R2K1 b - - 5 21,c5b6 d1d6 f8d6 c7d5 b6a5 c4a4,2590,collinearmove exposedking long mate matein3 middlegame sacrifice
zUDzu,k6r/1p6/p2np3/2Np2P1/3P2P1/4P3/PP4Kr/2R1R3 w - - 2 32,g2g3 e6e5 d4e5 h8h3 g3f4 h2f2,2610,endgame long mate matein3
zWdty,5B2/6P1/8/1P1k4/P4p2/4p1r1/R7/4K3 w - - 1 46,b5b6 g3g1 e1e2 d5e4 a4a5 f4f3,2626,endgame long mate matein3
zlJXp,rqb5/p7/2Npk3/2n5/5QP1/2B4P/P6K/8 b - - 3 37,b8b1 c6d8 e6d7 f4f7 d7d8 c3f6,2554,long mate matein3 middlegame sacrifice
zpcuZ,Q7/ppp3pk/7p/4n3/1P2P2b/N1P2q2/P4P1P/R1B1KR2 w Q - 1 19,a8b7 f3d3 c1d2 e5f3 e1d1 d3d2,2630,long mate matein3 middlegame
ztWWy,1k6/1pp2Q2/pbpq4/8/PP2P3/2PP2r1/5P1r/R1B2R1K w - - 0 21,h1h2 g3g5 f7f4 d6h6 f4h4 h6h4,2538,discoveredattack discoveredcheck exposedking long mate matein3 middlegame
zx72W,r2q1r1k/p1p2p2/3p1bnQ/1P6/8/8/PPB1NP1P/1K4R1 b - - 0 21,h8g8 c2g6 f7g6 h6g6 f6g7 g6g7,2502,kingsideattack long mate matein3 middlegame
